"lon","lat","prohlidky_celkem","docasne_zpusoblile_pocet","nezpusobile_pocet","zpusobile_pocet","prum_poc_zavad_lehke","prum_poc_zavad_vazne","prum_poc_zavad_nebezpecne","mesto","ulice","provozovatel","telefon","email","zpusobile_pct"
14.3488987,50.0679091,11831,715,58,11058,1.58,0.13,0.01,"Praha 5","Plzeňská 215b","STK MOTOL S.R.O.","257210963","stk@stkmotol.cz",93.47
14.5020591,50.0652264,10831,744,83,10004,2.69,0.13,0.01,"Praha 10","Průběžná 76","STK Praha, s.r.o.","274774867","stk@aboservis.cz",92.36
14.3154421,50.059612,9637,107,7,9523,1.44,0.02,0,"Praha 5","Jeremiášova 870","DISKARD STK spol. s r.o.","723904805","info@stk-diskard.cz",98.82
14.4737673,50.0109236,32,0,0,32,2.25,0,0,"Praha 4","Dobronická 635","STK Kunratice spol. s r.o.","261 112 399, 261 112 597","stk-kunratice-nakladni@dekra.cz",100
14.3609149,50.0869283,6889,933,61,5895,1.73,0.36,0.01,"Praha 6","Radimova 39","Břevnovská STK s.r.o.","220513268","brevnovska.stk@seznam.cz",85.57
14.4368361,50.1269857,4376,92,4,4280,3.03,0.06,0,"Praha 8","Čimická 894/131","Antonín Indra STK ,spol. s r.o.","233557743","stk-cimice@volny.cz",97.81
14.4982725,50.0898434,5352,267,27,5058,1.73,0.12,0.01,"Praha 3","Osiková 2688/2","DEKRA CZ a.s.","251002130","stkjarov@dekra.cz",94.51
14.5698168,50.0475029,11746,752,77,10917,1.46,0.17,0.01,"Praha 15","K Měcholupům 3","AUTO-VESELÝ, s.r.o.","274 877 292","vesely@stkmecholupy.cz",92.94
14.435748,50.0677085,3908,350,42,3516,1.75,0.18,0.01,"Praha 2","Fričova 13","PRONTO STK s.r.o.","222 564 115","stkpraha@stkpraha.cz",89.97
14.4717994,50.061156,12745,309,24,12412,1.75,0.05,0,"Praha 10","Nad Vršovskou horou 88/4","STK Bohdalec s.r.o.","267 107 485, 267 107 488","info@stk-bohdalec.cz",97.39
14.5155676,50.1041897,3204,267,13,2924,1.79,0.25,0,"Praha 9","Na Výběžku 688/11","Pro-M, s.r.o.","284 818 928, 284 818 927","stkvysocany.cz@dekra.com",91.26
14.4823968,50.1318778,4943,403,26,4514,1.39,0.21,0.01,"Praha 8","Bešťákova 567/3","MYNOS STK, s.r.o.","286 580 824","stkstkpraha8@gmail.com",91.32
14.5080102,50.1228168,6621,333,36,6252,1.13,0.11,0.01,"Praha 9","Prosecká 817","DEKRA CZ a.s.","283 881 307","stk-prosek@dekra.cz",94.43
14.4605203,50.0650143,2096,262,28,1806,0.49,0.3,0.02,"Praha 10","Přípotoční 300","Zařízení služeb pro MV","974844447","stk3118@seznam.cz",86.16
14.3717036,49.9882415,5496,485,54,4957,2,0.28,0.01,"Praha 5","Výpadová 1559","AUTO FEMAT s.r.o.","242 410 660-1","stk@femat-auto.cz",90.19
14.5726652,50.1118808,12001,1503,62,10436,0.91,0.38,0.01,"Praha 14","Skorkovská  1537","TÜV NORD Czech, s.r.o.","281 915 951, 281 915 952","zizkovsky@tuev-nord.cz; stk-praha@tuev-nord.cz",86.96
14.4315625,50.109996,7893,426,16,7451,1.1,0.13,0,"Praha 7","Za elektrárnou 19","STK Holešovice s.r.o.","267052285","stk@stkholesovice.cz",94.4
14.2985113,50.0761624,9576,513,16,9047,1.2,0.14,0,"Praha 6","Karlovarská 814","NH group s.r.o.","725392611","stkrepy@stkrepy.cz",94.48
14.4686202,50.0096488,7781,411,43,7327,1.64,0.13,0.01,"Praha 4","Dobronická 1216","STK Kunratice spol. s r.o.","242456194","stkkunratice@gmail.cz",94.17
14.4481109,50.1371928,7729,166,19,7544,4.04,0.04,0,"Praha 8","Dopraváků 723/1","TEKOSO-STK spol.s r.o.","283085164","stk3124@seznam.cz",97.61
14.5853287,50.0375902,4345,108,6,4231,2.64,0.04,0,"Praha 10 Uhřiněves","Podleská 1545/1","PETRA s.r.o.","267315085","stk3125@seznam.cz",97.38
14.4555694,50.0509007,10551,1072,71,9408,1.56,0.22,0.01,"Praha 4","Ohradní","PRONTO STK s.r.o.","607691696","stkpraha@stkpraha.cz",89.17
14.4451634,50.1369367,4116,255,49,3812,1.58,0.19,0.01,"Praha 9","Dopraváků 874/15","TEKOSO-STK spol.s r.o.","273130110","stk3127@seznam.cz",92.61
14.4005974,50.0110434,6449,422,13,6014,1.25,0.18,0,"Praha 4","Mezi vodami 1097/25","ESPM s.r.o.","725888170","info@stk-modrany.cz",93.25
14.4929823,50.3473026,12093,924,115,11054,1.99,0.18,0.01,"Mělník","Mladoboleslavská 2801","STK Mělník Mladoboleslavská s.r.o.","315623328","stkmelnik@stkmelnik.cz;",91.41
14.0932067,50.2227793,5136,144,27,4965,1.4,0.07,0.01,"Slaný","Netovická 350","TERRI s.r.o.","312527670","stk.slany@terri.cz",96.67
15.0690835,49.889265,3846,198,24,3624,4.1,0.1,0.01,"Uhlířské Janovice","Kolínská 670","STK Janovice, s.r.o.","327542266","stkjanovice-osobni@seznam.cz",94.23
14.8757954,49.7884924,5784,409,19,5356,3.99,0.14,0,"Divišov","Na Pile 300","STK Divišov s.r.o.","317 855 330","stkdivisov@volny.cz",92.6
14.9641503,50.3614221,5016,348,26,4642,2.58,0.18,0.01,"Dobrovice","Kosořická 580","STK - PECHA v.o.s.","326398112","pecha-stk@quick.cz",92.54
14.0716189,50.1495066,10175,580,274,9321,2.42,0.16,0.03,"Kladno","Vašíčkova 71","AUTOŠTOL-STK s r.o.","312 267 113","stk3207@stkkladno.cz",91.61
14.0022275,49.6971264,5323,458,45,4820,3.43,0.25,0.01,"Příbram","Obecnická 323","ASOCOM spol. s r.o.","318635564","bergers@asocom.cz; manager@asocom.cz",90.55
15.0569025,50.1884242,6168,380,106,5682,2.14,0.22,0.03,"Nymburk","Maršála Koněva 660/44","ŠPÁRA, s.r.o.","325 513 653","stk@spara.cz",92.12
15.2198608,50.0470271,6359,760,66,5533,3.34,0.39,0.02,"Kolín","Ovčárecká 509","Stanice technické kontroly Kolín spol. s r.o.","321724966","info@stkkolin.cz",87.01
14.2657225,49.8601953,5549,212,22,5315,2.16,0.08,0.01,"Mníšek pod Brdy","Nádražní 439","INTERAUTO s.r.o.","318592640","interauto@volny.cz",95.78
13.7459209,50.1021288,7829,378,56,7395,3.4,0.13,0.01,"Rakovník II","Luženská 1992","AUTOFIJA s.r.o.","313512332","autofija@tiscali.cz",94.46
14.6676449,50.1797235,8279,753,85,7441,1.61,0.26,0.01,"Brandýs nad Labem-Stará Boleslav","Zápská 2257","STK Centrum spol. s r.o.","326370055","stk@stkbrandys.cz",89.88
14.1045903,50.1297495,2,0,0,2,1,0,0,"Kladno","Železničářů 885 areál ČSAD","TESTCAR s.r.o.","312680016","kladno@testcar.cz",100
14.2929852,50.2398684,5202,304,47,4851,1.74,0.14,0.01,"Kralupy nad Vltavou","Přemyslova 431","STK Kralupy s.r.o.","315727897","info@stkkralupy.cz",93.25
15.2854725,49.9526222,5827,422,36,5369,4.1,0.17,0.01,"Kutná Hora","Hrnčířská 207","UNIKOM - STK s.r.o.","327514515","stk@unikom.cz",92.14
13.8815445,49.831382,21,1,1,19,2.62,0.14,0.1,"Hořovice","Masarykova 1432","STK Hořovice spol. s r.o.","311516727","jcejka@stkhorovice.cz",90.48
14.9261958,50.4327606,3655,128,62,3465,4.12,0.13,0.02,"Kosmonosy","Boleslavská 1042","BĚLOHRADSKÝ spol. s r.o.","326 327 567","stk3218@seznam.cz",94.8
14.8628925,49.9943637,6110,356,145,5609,2.44,0.17,0.03,"Kostelec nad Černými Lesy","nám. Smiřických 16","ČSAD POLKOST spol. s r.o.","321 679 289, ústř. 679274","stk.osobni@csadpolkost.cz",91.8
14.1196674,49.7032043,5543,296,101,5146,3.21,0.17,0.03,"Příbram I","Drásov 121","AUTO PETRA spol. s r.o.","318 690 266, 318 690 391","stkdrasov@volny.cz",92.84
14.4102318,49.9034196,5396,204,49,5143,2.33,0.11,0.01,"Březová-Oleško","Hlavní 9","AUTO PAŘÍZEK  s.r.o.","257760944","autoparizek@seznam.cz",95.31
14.7368106,49.7820131,10249,461,44,9744,2.3,0.11,0.01,"Benešov","Dlouhé Pole","REVIT spol. s r.o.","317 726 351","stkbenesov@seznam.cz",95.07
13.8923674,49.8368273,4846,207,21,4618,3.05,0.13,0.01,"Hořovice","Masarykova 392","STK JIKE s.r.o.","311513777","stk32_24@seznam.cz",95.3
14.3478282,50.1400981,9953,461,17,9475,2.84,0.12,0,"Horoměřice","Suchdolská 682","JISTAB, a.s.","220 970 079, 220 970 080","stk@jistab.cz",95.2
14.4974505,50.1981876,3830,133,11,3686,2.21,0.09,0,"Líbeznice","Mělnická 1060","BĚLOHRADSKÝ spol. s r.o.","233 930 909","stk3226@seznam.cz",96.24
14.6422444,50.0028706,8898,477,115,8306,3.08,0.18,0.02,"Říčany","Kolovratská 2020","BĚLOHRADSKÝ spol. s r.o.","323 605 363","stk3227@centrum.cz",93.35
14.0370954,49.9509259,7458,800,91,6567,2.46,0.3,0.02,"Králův Dvůr","Pod Hájem 372","A-Z BEROUN s.r.o.","311637777","stk3228@seznam.cz",88.05
15.0413409,50.176605,4899,277,30,4592,2.67,0.18,0.01,"Nymburk","Dopravní 2098","BUILDING S spol. s r.o.","724750750","stk@building.cz",93.73
15.3987913,49.9194943,4157,181,68,3908,2.5,0.12,0.03,"Čáslav","Vrchovská 1760","ABERA spol. s r.o.","327315555","abera@abera.cz",94.01
14.367311,50.1597778,10656,508,146,10002,3.08,0.11,0.02,"Roztoky","Přílepská 1909","Auto Holý s.r.o.","233910035","auto-holy@volny.cz",93.86
14.7668284,50.083604,11920,296,47,11577,2.55,0.06,0.01,"Tuklaty","Hlavní 182","TRILOBIT REAL s.r.o.","321622290","stk@trilobit-real.cz",97.12
15.1168952,49.655492,3621,86,22,3513,4.9,0.07,0.01,"Čechtice","Loket 52","PRP spol.s r.o.","317866060","stkloket@seznam.cz",97.02
14.9200229,50.4336512,11848,658,101,11089,0.97,0.14,0.01,"Mladá Boleslav","Havlíčkova 1432/II","STK - PECHA v.o.s.","326737780","STK3234@volny.cz",93.59
14.4395704,49.6532174,3152,242,15,2895,3.14,0.22,0.01,"Sedlčany","Strojírenská 741","KASOKO, s.r.o.","318 820 810, 318 820 809","stksedlcany@volny.cz",91.85
15.246346,50.2740456,4324,624,53,3647,3.54,0.42,0.02,"Dymokury","Nouzov 82","Karel Theer","325512484","stk.nouzov@seznam.cz",84.34
14.8976089,49.7055021,6346,374,67,5905,3.28,0.12,0.01,"Vlašim","Průmyslová 1851","STK Divišov s.r.o.","317855313","info@stkvlasim.cz; schovanek@seznam.cz",93.05
15.1275516,50.0680622,7582,371,9,7202,2.19,0.12,0,"Velim","Palackého 94","STK Velim, a.s.","321762066","stkvelim@seznam.cz",94.99
13.905632,50.159304,6754,383,25,6346,2.87,0.16,0,"Nové Strašecí","Průmyslová 1208","AR auto, s.r.o.","724 330 990","info@stknovestraseci.cz; info@arauto.cz",93.96
14.8573926,50.2111927,8968,437,51,8480,1.88,0.14,0.01,"Lysá nad Labem","K Milovicům 1921","STK RAPTOR s.r.o","607206206","info@stklysa.cz",94.56
13.9952433,49.6686059,9786,697,129,8960,3.53,0.22,0.02,"Příbram V - Zdaboř","Brodská 633","SeTeKoCAR s.r.o.","605106706","a.huml@ampseteko.cz",91.56
14.1197462,50.1436073,6718,609,10,6099,3.33,0.18,0,"Kladno - Dubí","Kročehlavská 1025","BĚLOHRADSKÝ spol. s r.o.","312538260","stk3242@seznam.cz",90.79
14.4655411,49.974981,13355,1379,13,11963,2.8,0.18,0,"Dolní Břežany","Pražská 830","Automobile Centre STK s.r.o.","722004004","info@stkdb.cz",89.58
14.9297335,50.4111537,2245,161,14,2070,4.99,0.16,0.01,"Mladá Boleslav","Jičínská 414","BĚLOHRADSKÝ spol. s r.o.","315624925","stk3244@seznam.cz",92.2
14.4747271,50.3606103,3106,405,17,2684,2.21,0.35,0.01,"Mělník","Na Malém Spořilově 41/51","BĚLOHRADSKÝ spol. s r.o.","312310720","stk3245@seznam.cz",86.41
14.1092882,50.1772421,278,18,4,256,1.92,0.19,0.02,"Kladno-Švermov","28. října 1503","Měření 3D spol s r.o.",NA,NA,92.09
13.8624716,49.4244325,5174,603,143,4428,5.44,0.54,0.05,"Blatná","Vrbenská 1526","STK Blatná, spol. s r. o.","383 422 706","stk.blatna@worldonline.cz",85.58
14.409705,48.8554257,5944,555,189,5200,2.94,0.27,0.04,"Český Krumlov","Dolní Třebonín 195","KOMAT - STK s.r.o.","380743853","stk@komat.cz",87.48
13.9141655,49.2683121,6321,438,62,5821,1.46,0.23,0.02,"Strakonice","Písecká 513","STK STRAKONICE s.r.o.","383 322 228","stk@srachta-autoservis.cz",92.09
14.6958614,49.3770599,4579,355,70,4154,1.4,0.16,0.02,"Sezimovo Ústí","Pod Kovosvitem 1135","STK Sezimovo Ústí spol. s r.o.","381 291 277","stksu@seznam.cz",90.72
14.6866442,49.4043628,4416,412,56,3948,2.94,0.25,0.01,"Tábor","Měšická 1993","PETA servis, spol. s r.o.","381 254 670","stkpeta@volny.cz",89.4
14.4815145,48.9764043,8991,251,13,8727,2.29,0.06,0,"České Budějovice","Rudolfovská 17","VOŠ, SPŠ automobilní a technická","386 356 589","stk@spsautocb.cz",97.06
14.4912126,48.9819821,18785,1406,147,17232,1.86,0.2,0.01,"České Budějovice","Pekárenská 77","STK České Budějovice, s.r.o.","389 009 190-4","stk.cb@seznam.cz",91.73
15.0162246,49.1548194,6859,338,76,6445,0.99,0.12,0.02,"Jindřichův Hradec","Jarošovská 869/II","AR PARTNER s.r.o.","384321006","stk@arpartnerjh.cz",93.96
14.1680678,49.1414915,4,0,0,4,1.25,0,0,"Vodňany","Stožická 840","STK ZÁRUBA M & K s.r.o.","383382522","stk@zaruba.cz",100
14.1410258,49.3025108,6472,522,72,5878,3.07,0.24,0.02,"Písek","Hradišťská 2439","JIKONA STK s.r.o.","382219089","jikona@volny.cz",90.82
15.2287829,49.4164114,6786,378,53,6355,3.17,0.15,0.01,"Pelhřimov","Skrýšovská 1968","STK PELHŘIMOV spol. s r.o.","565323110","stk@stkpelhrimov.cz",93.65
15.0349671,49.1429767,6,0,0,6,0.17,0,0,"Jindřichův Hradec","Jitka-Otín 3","BONUS Prachatice spol. s r.o.","384326717","stkjh@stkjh.cz",100
14.4216623,49.2290187,4616,377,18,4221,2.18,0.19,0,"Týn nad Vltavou","Táborská 568","STK Týn nad Vltavou s.r.o.","385732608","stktyn@gmail.com",91.44
14.6906613,49.4025098,6177,431,86,5660,1.61,0.16,0.02,"Tábor","Pelhřimovská 2940","AUTA TEST s.r.o.","381 253 175","stk@stk-tabor.cz",91.63
13.9548444,49.0807984,4152,393,59,3700,1.89,0.34,0.02,"Vlachovo Březí","Žižkova 117","Alena Ládová - DOZER s.r.o.","388320153","dozer.stk@cmail.cz",89.11
15.3491874,49.529355,6934,694,436,5804,3.13,0.43,0.09,"Humpolec","Pelhřimovská 738","STK Humpolec s.r.o.","565533491","stk.humpolec@tiscali.cz",83.7
13.9688373,49.0737946,5,0,0,5,0.6,0,0,"Vlachovo Březí","Chlumany 100","Alena Ládová - DOZER s.r.o.","388320000","dozer.stk@cmail.cz",100
14.1650404,49.2958413,26,1,0,25,0.62,0.04,0,"Písek","U Hřebčince 2534","ATOS, s.r.o.","382212564","atospisek@volny.cz",96.15
14.2908121,49.4743732,3337,314,78,2945,3.53,0.24,0.03,"Milevsko","Hrejkovice 110","Tollinger s.r.o.","382211089","stk@tollingercz.cz",88.25
14.4806992,48.9871047,11264,883,26,10355,4.41,0.15,0,"České Budějovice","Jindřicha Plachty 56/2606","Alena Ládová - DOZER s.r.o.","387314265","dozer.stk@cmail.cz",91.93
14.3884985,49.4396404,2752,278,35,2439,3.31,0.33,0.02,"Milevsko","Sažinova 1438","Jikona STK s.r.o.","382 521 013","stk_mil@volny.cz",88.63
14.7602361,49.010065,7164,528,73,6563,2.68,0.2,0.02,"Třeboň","Jiráskova 1202","STK Kalivoda s.r.o.","384721865","stktrebon@tiscali.cz",91.61
14.721153,49.2470543,5560,387,84,5089,4.25,0.14,0.02,"Soběslav","Nová 514/II","PETA servis, spol. s r.o.","381 521 431","stkpetas@volny.cz",91.53
14.7233339,49.247006,3097,184,5,2908,2.54,0.15,0,"Soběslav","Nová 515","STK Týn nad Vltavou s.r.o.","381 521 530","stksob@volny.cz",93.9
14.0045982,49.0182807,2956,284,62,2610,3.15,0.37,0.03,"Prachatice","Vodňanská 964","Alena Ládová - DOZER s.r.o.","388310656","dozer.stk@cmail.cz",88.29
14.0453696,49.4286428,4887,368,113,4406,4.74,0.25,0.03,"Mirotice","Družstevní 335","STK Mirotice s.r.o.","382 229 094","stkmirotice@tiscali.cz",90.16
14.2581901,48.8151241,4716,398,63,4255,4.39,0.32,0.02,"Kájov","Křenov u Kájova parc. č. 265, areál BOXIT","BĚLOHRADSKÝ spol. s r.o.","380750995","stk3327@seznam.cz",90.22
13.3389758,49.7396541,6053,492,90,5471,2.61,0.21,0.02,"Plzeň","Domažlická 126","AUTOKOMPLET- servis Plzeň s.r.o.","377386776","stk@autokomplet91.cz",90.38
12.6390317,50.1851278,10247,491,77,9679,3.27,0.11,0.01,"Sokolov","Citická 2069","TYLINGER, s.r.o.","352600063","stksokolov@seznam.cz",94.46
13.6068545,49.2508923,4360,126,7,4227,2.15,0.09,0,"Sušice","Čimice 77","Čimická STK s.r.o.","376596542","stk3403@autokalny.cz",96.95
13.7266149,49.7882715,3728,343,48,3337,4.39,0.34,0.03,"Mýto","Plzeňská 569","STK Mýto s.r.o.","371750316","stk.myto@mybox.cz",89.51
13.275553,49.3913418,7534,229,44,7261,2.37,0.07,0.01,"Klatovy","Domažlické předměstí 610","STK KLATOVY s.r.o.","376313938","janecek.tj@quick.cz",96.38
12.6502634,49.7920493,4251,445,199,3607,2.46,0.28,0.06,"Tachov","Oldřichovská 1511","AutoKontrol - STK Tachov s.r.o.","374722753","stk34.07tc@quick.cz",84.85
12.9407526,49.5256681,3720,362,60,3298,3.02,0.29,0.02,"Horšovský Týn","Nádražní 70","AUTO V-S spol. s.r.o.","379422728","stkhtyn@seznam.cz",88.66
12.9107535,50.2673652,13,3,0,10,0.46,0.31,0,"Sadov","Lesov ev.č. 8","TÜV NORD Czech, s.r.o.","353590219","stk-sadov@tuev-nord.cz",76.92
12.387655,50.0764939,5633,720,274,4639,2.56,0.57,0.08,"Cheb","Vrázova 2626/16","AUTO - O.K. s.r.o.","354439847","cheb@autook.cz",82.35
13.4054137,49.7182037,6436,397,78,5961,2.56,0.13,0.02,"Plzeň","Nepomucká 119","STK Nepomucká s.r.o.","377248811","info@stknepomucka.cz",92.62
13.2761133,49.4038775,3,0,0,3,3,0,0,"Klatovy","Dr.Sedláka 778","KLATOVSKÁ STK s.r.o.","376322332","klastk3412@investtel.cz",100
13.412081,49.7267619,33802,3567,387,29848,2.47,0.23,0.01,"Plzeň","Koterovská 156a","PLZEŇSKÁ STK s.r.o.","377241224","suchy@stk-plzen.cz",88.3
13.5346023,49.5767723,2420,302,34,2084,2.88,0.42,0.02,"Blovice","Fügnerova 404","DEKRA CZ a.s.","371522754","info@stk-blovice.cz",86.12
13.3738768,49.9003222,11149,908,80,10161,2.87,0.26,0.01,"Kaznějov","Rybnice 155","STK Rybnice s.r.o.","373300539","uteseny@stk-rybnice.cz",91.14
12.6341993,50.1641283,13,0,1,12,1.54,0.23,0.15,"Sokolov","Chebská 2239","Sokolovská STK s.r.o.","352467444","sokolovskastk@seznam.cz",92.31
12.711546,49.9485209,3997,540,74,3383,2.09,0.32,0.02,"Mariánské Lázně","Tepelská 551","AUTORENT SALON s.r.o.","354623084","stkml@iol.cz",84.64
12.9503412,49.4523052,7309,416,72,6821,3.91,0.17,0.02,"Domažlice","Chrastavice 111","KRČMA AUTO s.r.o.","379768242","stk@krcmaauto.cz",93.32
12.877064,50.2486299,6048,444,58,5546,2.17,0.2,0.02,"Karlovy Vary","Hroznětínská 402/4","TÜV NORD Czech, s.r.o.","353449475-6","stk-bohatice@tuev-nord.cz",91.7
12.990178,50.0568916,3933,102,39,3792,1.41,0.05,0.01,"Toužim","Plzeňská 575","F+T AUTO-TECHNIK s.r.o.","353311542","stktouzim@volny.cz",96.41
13.4095616,49.7441397,2957,328,18,2611,3.49,0.27,0.01,"Vejprnice","Sokolská 705","AUTO LEPIČ, s.r.o.","377826767","stk.lepic@tiscali.cz",88.3
13.6048048,49.7418299,4025,435,27,3563,3.34,0.32,0.01,"Rokycany","Pivovarská 146","JIKE s.r.o.","371729715","stkrokycany@seznam.cz",88.52
13.71013,49.3217473,2570,304,35,2231,2.05,0.38,0.02,"Horažďovice","Tyršova 356","Eduard Vrána - EDDY ´ SERVISE","602465322","stk@horazdovice.cz",86.81
13.5410756,49.9938983,3459,204,33,3222,1.9,0.22,0.01,"Kožlany","Kožlany 349","M-MEK s.r.o.","373396681","m.mourek@quick.cz",93.15
13.3266059,49.5800494,5232,277,24,4931,1.54,0.11,0.01,"Přeštice","Třída 1. máje 700","STK Přeštice s.r.o.","377982326","info@stkprestice.cz",94.25
12.7426086,50.2331487,4705,99,49,4557,3.53,0.08,0.02,"Chodov","Vintířovská 1119","Chodovská STK s.r.o.","602 449 989, 352 665 111","stkchodov@seznam.cz",96.85
12.1976562,50.2123766,1911,165,32,1714,3.29,0.41,0.03,"Aš","Anglická 2863","AUTO - O.K. s.r.o.","354595268","as@autook.cz",89.69
13.29505,49.4045393,4738,73,14,4651,1.5,0.03,0.01,"Klatovy","K Letišti 670","RAMALE s.r.o.","376313906","stk@autorb.cz",98.16
12.7832223,49.7076616,4080,323,21,3736,3.03,0.23,0.01,"Bor","Plzeňská 667","Miroslav Mansfeld","374625727","stk.mansfeld@atlas.cz",91.57
13.532695,49.2410987,3344,167,14,3163,3.36,0.18,0.01,"Sušice","Nádražní ulice 1302","Pavel Dražka","376323953","info@stksusice.cz",94.59
12.99071,49.7529713,3402,273,51,3078,5.06,0.22,0.02,"Stříbro","Třída 5. května 1579","AUTO LEPIČ s.r.o.","374627999","stk.stribro@seznam.cz",90.48
12.8006377,50.2230323,11614,496,24,11094,2.87,0.09,0,"Jenišov","Daimlerova 271","TYLINGER, s.r.o.","353542121","stkjenisov@seznam.cz",95.52
14.5153011,50.9125168,3714,580,79,3055,2.8,0.57,0.03,"Krásná Lípa","Alšova 1075/7","CSPSD Praha","412383361","stk3501@seznam.cz",82.26
14.2070944,50.7712251,5555,220,58,5277,4.37,0.09,0.01,"Děčín","Předmostí 1839/2","STK Děčín  35.02 a.s.","412588133","stk-decin@ford-homolka.cz",95
13.4074117,50.2286332,3708,390,75,3243,2.64,0.31,0.03,"Podbořany","Hlubanská 741","STK-Podbořany s.r.o.","415214362","stk.podborany@quick.cz",87.46
15.0851817,50.7482013,9112,303,24,8785,3.95,0.11,0,"Liberec","Tanvaldská 1106","TKV Liberec spol. s r.o.","482737888","info@tkv-liberec.cz",96.41
14.1305458,50.5384197,9438,951,69,8418,2.29,0.3,0.01,"Litoměřice","U terez. křižovatky 176","S.T.K. Litoměřice s.r.o.","416739016","stk-ltm@iol.cz",89.19
13.6369524,50.4911142,6607,556,79,5972,1.98,0.23,0.01,"Most","Budovatelů 624","AUTOPLUS II. CONTROL s.r.o.","476100461","stk3506@autoplusmost.cz",90.39
13.799843,50.3568536,3324,106,31,3187,4.06,0.11,0.02,"Lubenec","Pražská 375","R + B Auto control, spol. s r.o.","415212296","stk.lubenec@seznam.cz",95.88
13.8144025,50.3489818,5240,542,108,4590,2.05,0.22,0.03,"Louny","Rybalkova 2765","STK  - O.K. CAR spol. s r.o.","415653467","stk.ok.car@iol.cz",87.6
13.2168096,50.3985433,5355,329,95,4931,2.74,0.17,0.03,"Klášterec nad Ohří","Průmyslová zóna VERNE 12","ALFA - TECHNIC s.r.o.","474331421","alfa.technic.stk-k@iol.cz; stk.chomutov@seznam.cz",92.08
13.4378584,50.4829362,6925,415,81,6429,3.54,0.18,0.02,"Chomutov","Otvice obchodní zóna 252","ALFA - TECHNIC  s.r.o.","474653414","alfa.technic.stk@iol.cz",92.84
13.7767259,50.6645743,6746,838,74,5834,2.57,0.38,0.01,"Dubí - Mstišov","K Emance 291","IVESUR Česká republika a.s.","417571435","stk3511@seznam.cz",86.48
14.5626203,50.7637127,4719,324,65,4330,5.03,0.21,0.03,"Nový Bor","Liberecká 558","KLIMEX s.r.o.","487754637","novy.bor@stkcl.cz",91.76
14.2475971,50.4154731,9411,506,249,8656,2.88,0.16,0.03,"Roudnice nad Labem","Žižkova 2483","STK Roudnice n. L. s.r.o.","416831853","jransdorf@raz-dva.cz",91.98
13.5544327,50.3315984,3904,390,50,3464,3.49,0.51,0.02,"Žatec","U Oharky 3093","Stanice technické kontroly Žatec,s.r.o","415711258","info@stkzatec.cz",88.73
14.0023267,50.6562633,12718,916,269,11533,3.26,0.16,0.03,"Ústí nad Labem","Hrbovická 2","Terri s.r.o.","475601147","stk.usti@terri.cz",90.68
15.1587346,50.7355267,7433,367,86,6980,3.14,0.18,0.02,"Jablonec nad Nisou","Želivského 1","eSTéKá spol. s r.o.","483312131","esteka.jbc@volny.cz",93.91
15.1450544,50.7404748,3322,269,28,3025,3.44,0.21,0.01,"Jablonec nad Nisou","Belgická 5061","DEKRA CZ a.s.","480003607","jablonecka.stk@seznam.cz",91.06
15.0507057,50.7623934,3982,320,76,3586,1.35,0.19,0.03,"Liberec","Mrštíkova 2","STEKO LB, spol. s r.o.","485104111","stk@stkliberec.cz",90.06
13.5613924,50.5863551,7224,542,171,6511,4.2,0.27,0.03,"Janov","Podkrušnohorská 8","STK Janov s.r.o.","476741649","info@stkjanov.cz",90.13
13.3918313,50.4409398,5188,305,50,4833,2.36,0.19,0.01,"Spořice","Spořice 480","HELVE s.r.o.","474623548","stksporice@seznam.cz",93.16
14.5502051,50.6944606,5967,197,23,5747,3.88,0.1,0,"Česká Lípa","Žitavská  3112","KLIMEX s.r.o.","487874683","ceska.lipa@stkcl.cz",96.31
13.975348,50.6888861,13282,569,55,12658,3.38,0.11,0.01,"Ústí nad Labem","Havířská 360/29","B.K. syn CENTRUM s.r.o.","475504414","alexa@areal-uzin.cz",95.3
13.9874157,50.689353,3296,76,31,3189,1.87,0.04,0.01,"Ústí nad Labem","Podhoří 361/2","STK Děčín 35.02 a.s.","475316934","stk@auto-homolka.cz",96.75
14.534151,50.679733,4163,301,44,3818,2.27,0.17,0.02,"Česká Lípa","Mánesova 1477","AUTORENOVA Plus s.r.o.","487868924","info@stkmanesova.cz",91.71
15.1095827,50.9056479,5937,513,51,5373,3.58,0.32,0.02,"Raspenava","Frýdlantská 772","FOLDA, s.r.o.","482319126","stk.3526@volny.cz",90.5
14.2178474,50.7765249,3147,395,37,2715,2.58,0.31,0.01,"Děčín","Oblouková 1416/9","S.T.K. Litoměřice s.r.o.","412589926","dc.stk@volny.cz",86.27
14.5297021,50.6880829,6048,227,23,5798,2.46,0.07,0.01,"Česká Lípa","Kovářova 3189","BĚLOHRADSKÝ spol. s r.o.","487831081","stk3528@seznam.cz",95.87
15.0308124,50.780101,6364,302,87,5975,2.52,0.14,0.02,"Liberec XI-Růžodol I","Londýnská 590/85","KLIMEX s.r.o.","485108325","liberec@stkcl.cz",93.89
15.0040979,50.660203,7577,644,64,6869,2.25,0.21,0.01,"Český Dub","Sobotice 15","Jan Červa","485147104","info@stk-ceskydub.cz",90.66
13.8348004,50.6326816,6414,598,56,5760,2.2,0.21,0.01,"Teplice","V Lipách 3275","BĚLOHRADSKÝ spol. s r.o.","417535386","stk3531@seznam.cz",89.8
14.1418473,50.5391377,4005,458,66,3481,1.89,0.29,0.02,"Litoměřice","U Trati 2213","IVESUR Česká republika a.s.","416535500","stk3532@seznam.cz",86.92
15.8731392,50.5979083,4899,805,57,4037,4.09,0.59,0.02,"Trutnov","Mladobucká 483","CSPSD Praha","499732913","stktrutnov@volny.cz",82.4
15.5775561,49.5961183,7576,716,254,6606,3.19,0.3,0.05,"Havlíčkův Brod","Lidická 3974","STK HB s.r.o.","569429900","stkhb@stkhb.cz",87.2
16.4465554,49.9033832,4670,840,99,3731,3.67,0.65,0.03,"Česká Třebová","Podbranská 2047","DEKRA CZ a.s.","465531007","stkct@seznam.cz",79.89
15.8282349,49.9313692,6068,535,322,5211,3.93,0.4,0.11,"Chrudim","Vlčnov 30","KVATRO CHRUDIM spol. s r.o.","722110011","stkchrudim@seznam.cz",85.88
15.381637,50.4324776,7170,380,173,6617,3.48,0.15,0.03,"Jičín","Hradecká 1122","AGRO SLATINY a.s.","493555055","stk@jicinet.cz",92.29
16.2711439,50.1609615,3434,494,37,2903,2.54,0.41,0.01,"Rychnov nad Kněžnou","Soukenická 242","STK Solnice s.r.o.","494596255","info@stkrk.cz",84.54
16.1338972,50.3541969,2950,237,65,2648,1.93,0.32,0.04,"Nové Město nad Metují","Krátká 419","DETECHA-chemické výrobní družstvo","491470314","stk@detecha.cz",89.76
15.8127906,50.1963915,16278,1127,127,15024,2.63,0.15,0.01,"Hradec Králové","Na Rybárně 203","OLFIN Car - STK s.r.o.","495537011","stk@olfincar.cz",92.3
15.764756,50.0617901,5422,299,31,5092,3.03,0.15,0.01,"Pardubice","Hradišťská 551","Autokontrol Pardubice s.r.o.","466415536","info@autokontrol.cz",93.91
16.2760797,50.1559779,1,1,0,0,2,1,0,"Rychnov nad Kněžnou","Ekologická 348","FAMA - STK, s.r.o.","494533867","stkfama@iex.cz",0
16.4529212,49.7625261,8111,899,148,7064,3.63,0.42,0.03,"Svitavy","Petrusova 2","STK SVITAVY s.r.o.","461534195","stk.svitavy@tiscali.cz",87.09
16.0346875,50.3944918,7127,829,84,6214,4.47,0.36,0.02,"Česká Skalice","Jiřinková 276","FARMET STK spol s r.o.","491 452 624, 491 452 155","i.martinec@farmet.cz",87.19
15.379835,50.4333499,1,0,0,1,5,0,0,"Jičín","Průmyslová 1256","AGRO SLATINY a.s.","493522434","stk.nakladni.jicin@quick.cz",100
16.4817705,49.7564667,3,0,0,3,4,0,0,"Svitavy","V Zahrádkách 1","Autokontrol Pardubice s.r.o.","461532664","stk.svitavy@autokontrol.cz",100
15.1344731,50.5871831,8806,624,119,8063,2.69,0.18,0.02,"Turnov","Nudvojovická 1681","STK Turnov, s.r.o.","481325637","stkturnov@tiscali.cz",91.56
15.8733952,50.2172608,9629,910,73,8646,3.52,0.24,0.01,"Hradec Králové","Bratří Štefanů 492","MEDIS HOLDING a.s.","495544875","stk@medis.cz",89.79
15.8214397,50.024621,9310,636,167,8507,5.38,0.18,0.03,"Pardubice","Průmyslová 381","STK ZADINA, spol.s r.o.","466 670 165","stk-zadina@volny.cz",91.37
15.800296,49.9570538,8618,360,66,8192,2.35,0.14,0.01,"Chrudim","Dašická 248","Z-MOTOR s.r.o.","469 626 117","stk@z-motor.cz",95.06
15.4060478,50.6811613,2892,281,67,2544,2.12,0.33,0.03,"Vysoké nad Jizerou","Dr. Farského 300","Integrovaná střední škola","481 593 907","fsalda@iss-vysokenj.cz",87.97
15.7453763,50.0624811,9503,597,315,8591,5.01,0.17,0.04,"Pardubice","Semtín 100","FONTES STK s.r.o.","466 415 861","fontesstk@volny.cz",90.4
16.1369751,50.4058707,6837,418,134,6285,5.52,0.23,0.05,"Vysokov","Českoskalická 1743","AUTOTEST-TKMV, s.r.o.","491421859","novak@autotest-tkmv.cz",91.93
15.8171022,50.4447932,2817,488,41,2288,3.78,0.6,0.02,"Dvůr Králové nad Labem","Nedbalova 573","DEKRA CZ  a.s.","499 622 506, 499 320 540","stkdk@dekra.cz",81.22
16.149305,49.9542048,5767,575,126,5066,3.52,0.35,0.04,"Vysoké Mýto","Vraclavská 523","AUTOTEST-STK Vysoké Mýto s.r.o.","465 420 738","stk.vysokemyto@email.cz",87.84
15.6042256,49.5814339,3519,305,16,3198,3.6,0.3,0.01,"Havlíčkův Brod","Baštinov 126","STK NOVÁK HB s.r.o.","569 438 200","mnovak@stknovak.cz",90.88
15.8753503,50.3022083,4364,450,27,3887,6.24,0.36,0.02,"Smiřice","Seligerova 147","KUTÍK STK, spol. s r.o.","495 421 828","kutik.stk@tiscali.cz",89.07
16.6052131,50.0277389,4288,658,63,3567,3.88,0.57,0.02,"Jablonné nad Orlicí","U Koupaliště 180","STK Jablonné s.r.o.","465 642 945","machacek@dekra.cz",83.19
15.6601641,49.7142561,3221,209,54,2958,3.29,0.17,0.02,"Chotěboř","U Střelnice 1724","STK Chotěboř, s.r.o.","569621286","technickakontrola3629@seznam.cz",91.83
15.7103257,50.3067725,7345,532,94,6719,2.6,0.19,0.02,"Nechanice","Sovětice 19","STK Sovětice CZ, s.r.o.","495446127","stksovetice@centrum.cz",91.48
16.2374771,50.2227888,2290,278,95,1917,4.13,0.46,0.07,"Rychnov nad Kněžnou","Solnice-Ještětice 110","DEKRA CZ a.s.","494 596 441","stk-jestetice@dekra-automobil.cz",83.71
15.9205616,49.7704701,7759,514,155,7090,5.17,0.22,0.05,"Hlinsko","Poličská 1365","JUTEX s.r.o.","469312003","stk-hlinsko@dekra-automobil.cz",91.38
16.4057215,49.9797347,6578,1069,55,5454,4.49,0.52,0.01,"Ústí nad Orlicí","Letohradská 100","STK Ústí s.r.o.","465520174","info@stkusti.cz",82.91
15.9916838,49.8365197,3768,481,25,3262,3.83,0.37,0.01,"Skuteč","Vilibalda Svobody 948","Jiří Vincenci","469351210","stkvincenci@seznam.cz",86.57
15.622519,50.616831,6021,688,70,5263,2.84,0.36,0.02,"Vrchlabí","Na Bělidle 1652","MJ Vrchlabí spol. s r.o.","499692899","stk.vrchlabi@centrum.cz",87.41
15.4467993,50.1598187,3048,399,40,2609,3.48,0.35,0.02,"Chlumec nad Cidlinou","Pražská 782/IV","PRO AUTO LOUDA s.r.o.","495484594","stk.chlumec@tiscali.cz",85.6
15.5223201,50.5991463,4840,710,70,4060,2.62,0.43,0.02,"Jilemnice","K Javorku 982","Jiří Machek - HYDROMA","481 545 300","stk.jilemnice@centrum.cz",83.88
15.4897449,50.2476911,3743,251,270,3222,3.84,0.25,0.08,"Nový Bydžov","Jungmanova 1736","AGRO SLATINY a.s.","495490198","stk.novy.bydzov@quick.cz",86.08
15.989363,50.1966888,5463,375,21,5067,3.64,0.24,0.01,"Třebechovice pod Orebem","Pardubická 1338","amcontrol s.r.o.","495591283","amcontrol@centrum.cz",92.75
15.897387,50.5706766,6658,559,100,5999,4.82,0.28,0.02,"Trutnov","Horská 932","STK Trutnov s.r.o.","499309199","stk@stk-trutnov.cz",90.1
16.2666628,50.6149711,3569,451,65,3053,2.97,0.4,0.02,"Jetřichov","Meziměstí 3","KUTÍK STK, spol. s r.o.","491582041","kutik.stk.jetrichov@seznam.cz",85.54
16.2531208,49.9514016,5598,477,71,5050,3.47,0.31,0.02,"Vysoké Mýto","Vračovice 1","STK a SME Vračovice s.r.o.","465320634","stk.vracovice@vysokemyto.cz",90.21
15.7722461,50.0628391,4245,371,56,3818,4.2,0.28,0.02,"Pardubice","Fáblovka 404","Autocheck s.r.o.","466 265 323","info@stk-autocheck.cz",89.94
16.4648215,49.7546339,2418,159,4,2255,3.56,0.21,0,"Svitavy","Dimitrovova 2","Ing. Glena Rauerová","461 619  920","info@stk-carnova.cz",93.26
16.2784729,50.1521776,2035,284,59,1692,2,0.49,0.04,"Rychnov nad Kněžnou","Pod Budínem 1699","DEKRA CZ a.s.","494 620 226","stk-rychnov@dekra-automobil.cz",83.14
16.6457965,49.7588288,2795,430,124,2241,4.41,0.57,0.06,"Moravská Třebová","Svitavská 1610","ABERA spol. s r.o.","461315566","mt@abera.cz",80.18
15.7959575,49.9365037,5222,274,114,4834,3.87,0.16,0.03,"Chrudim","Obce Ležáků 758","SALIO s.r.o.","469 318 192","info@stk-salio.cz",92.57
15.4939968,50.4704352,4371,416,37,3918,3.05,0.3,0.01,"Nová Paka","Kumburský Újezd čp. 90","All Cars Nová Paka s.r.o.","725699599","info@stknp.cz",89.64
15.4031564,49.6745081,3142,364,50,2728,4.41,0.35,0.02,"Světlá nad Sázavou","Zahrádecká 987","Šmíd a spol., v.o.s.","607844508","stksvetla@seznam.cz",86.82
15.9111828,49.2149614,3909,506,21,3382,2.72,0.48,0.01,"Třebíč","Brněnská 123","KTS-Třebíč s.r.o.","568821571","kts3701@volny.cz",86.52
17.1246914,49.4631934,9278,778,90,8410,4.23,0.26,0.02,"Prostějov","Letecká 2","STKm Prostějov s.r.o.","582343614","dadak@stkmprostejov.cz",90.64
17.578808,49.1207844,7717,787,99,6831,2.02,0.36,0.02,"Březolupy","Březolupy 475","Autotest - Tour,  spol.s r.o.","572580118","stk-brezolupy@dekra.cz",88.52
15.9812686,49.3631873,5768,341,11,5416,1.81,0.13,0.01,"Velké Meziříčí","Jestřábec 2044","Autoklub Velké Meziříčí s.r.o.","566521170","stk3706@cbox.cz",93.9
16.5263555,49.5066556,3573,307,37,3229,3.28,0.32,0.02,"Kunštát","Palackého 154","STK OA s.r.o.","516462184","stk.oa@tiscali.cz",90.37
15.5913987,49.3827974,5126,318,7,4801,2.96,0.17,0,"Jihlava","Znojemská 82","STK Jihlava a.s.","567 309 544","objednavky@stkjihlava.cz",93.66
16.6547732,49.2170294,5861,106,14,5741,2.72,0.04,0,"Brno","Kulkova 30","AZ SERVIS STK, s.r.o.","739095456","stk37.10@tiscali.cz",97.95
17.4093699,49.306944,6945,557,44,6344,1.5,0.21,0.01,"Kroměříž","Bílanská 2595","CSAO, spol. s r.o.","573 340 824","csao-stk@quick.cz",91.35
17.5781169,49.2077028,12868,330,25,12513,1.89,0.07,0,"Zlín-Malenovice","třída 3. května 1147","DEKRA CZ a.s.","577 105 353, 577 106 927","stkzlin@tiscali.cz",97.24
16.6015714,49.2246114,8630,497,41,8092,1.95,0.13,0.01,"Brno","Sladkovského 7","STK Královo Pole, s.r.o.","541 212 116, 541 519 420","stk-brno@volny.cz",93.77
16.6394056,49.1715115,26,1,0,25,6,0.35,0,"Brno","Hájecká 14","ČSAD Brno-Černovice a.s.","548122402","stk3716@best-transport.cz",96.15
16.6018321,49.4865482,16,2,1,13,1.25,0.88,0.12,"Skalice nad Svitavou","Skalice nad Svitavou 169","AGROAKCIA, s.r.o.","516 469 381, 516 469 311","agroakcia@tiscali.cz",81.25
17.1436344,48.8678271,13001,803,108,12090,2.21,0.16,0.01,"Hodonín","Měšťanská 4339/146A","ESTEKO a.s.","518351102","esteko@quick.cz",92.99
16.7258263,48.9472798,7987,566,169,7252,1.79,0.22,0.03,"Hustopeče","Hybešova 14","INTERTEC s.r.o.","519402840","hlavka@agrotec.cz",90.8
16.6006766,49.1800688,4258,161,37,4060,1.45,0.12,0.01,"Brno","Opavská 26/8","DEKRA CZ a.s.","543 217 079, 542 154 471","stk-brno@dekra.cz",95.35
16.8777789,49.1491368,8100,235,50,7815,2.65,0.09,0.01,"Slavkov u Brna","Čs. armády 217","STK Slavkov spol. s r.o.","544220044","stk.slavkov@seznam.cz",96.48
16.519622,49.299823,4859,181,19,4659,2.05,0.08,0,"Kuřim","Tišnovská 1968/33","BĚLOHRADSKÝ spol. s r.o.","541210437","stkkurim@seznam.cz",95.88
17.5721481,49.0213942,8398,319,91,7988,2.43,0.21,0.02,"Vlčnov","Vlčnov 556","STK Vlčnov, s.r.o.","572675180","stk.vlc@tiscali.cz",95.12
16.6521051,49.4938621,6176,530,67,5579,2.48,0.26,0.01,"Boskovice","Dřevařská 2250","Auto STK  spol.s.r.o.","516453191","info@stk-boskovice.cz",90.33
17.406561,49.3080666,12,1,0,11,0.83,0.5,0,"Kroměříž","Hulínská 2383","KM AUTEXIM, spol. s r.o.","573 326 280, 573 326 281","stk@kromexim.cz",91.67
15.8358699,49.0335861,4699,582,31,4086,4.24,0.38,0.01,"Moravské Budějovice","Lažínky 71","Smetana a Smetana s.r.o.","568420332","stk.smetana@atlas.cz",86.95
16.4212856,49.3404487,7107,185,17,6905,1.36,0.07,0,"Tišnov","Za Mlýnem 5","KORAL s.r.o.","549411700","malaskova@koral.biz",97.16
18.010163,49.1361199,7046,267,35,6744,2.16,0.13,0.01,"Valašské Klobouky","Brumovská 279","ORSÁK TK s.r.o.","577320330","atos-stk3732@volny.cz",95.71
15.9092002,49.5236402,11505,955,90,10460,2.56,0.2,0.01,"Nové Veselí","Žďárská 311","STK Nové Veselí, s.r.o.","566667075","stk37.33@unet.cz",90.92
16.7857123,48.801015,7866,229,36,7601,2.65,0.08,0.01,"Lednice","Nejdecká 719","STK AUTO LEDNICE s.r.o.","519340646","sbuzrla@autowozar.cz",96.63
16.4064723,49.1869069,5544,40,78,5426,1.35,0.03,0.02,"Rosice","Brněnská 1242","BĚLOHRADSKÝ spol. s r.o.","546410475","stk3735@seznam.cz",97.87
16.6398842,49.3709383,5257,400,53,4804,2.44,0.21,0.01,"Blansko","Poříčí 17","TOP 1 spol. s r.o.","516 410 510-1","stkblansko@iol.cz",91.38
17.1230122,49.0173622,9630,550,48,9032,2.23,0.12,0.01,"Kyjov","Boršovská 2622/91","STK Kyjov s.r.o","518615140","stkkyjov@wo.cz",93.79
17.4067606,49.3064809,5219,749,46,4424,2.35,0.45,0.01,"Kroměříž","Hulínská 3221","Dapas, a.s.","573345055","stk.dapas@seznam.cz",84.77
17.3713643,48.9443037,5117,410,51,4656,1.87,0.2,0.02,"Veselí nad Moravou","Masarykova 1663","ESTEKO a.s.","518324460","stkveseli@esteko.cz",90.99
16.1682124,49.1995088,4906,339,25,4542,4.11,0.25,0.01,"Kralice nad Oslavou","Nad Kralickým kopcem 307","Pavel Dvořák","568620279","stkdvorak@gmail.com",92.58
16.8897814,49.5930725,3062,198,21,2843,2.24,0.17,0.01,"Konice","Vrchlického 349","STATEKON s.r.o.","582396048","statekon@tiscali.cz",92.85
17.5433877,49.3250736,6704,954,56,5694,3,0.54,0.01,"Holešov","Palackého 464","TEST-CAR Holešov spol. s.r.o.","573394642","miroslavbelli@tiscali.cz",84.93
17.467975,49.041268,8476,363,73,8040,2.72,0.16,0.01,"Kunovice","Náměstí Svobody 578","STK Kunovice s.r.o.","572548548","stkkunovice@stkkunovice.cz",94.86
18.1477569,49.4515618,6681,358,35,6288,2.6,0.23,0.01,"Rožnov pod Radhoštěm","Tvarůžkova 2491","STK Rožnov, s.r.o.","571613421","stkroznov@stkroznov.cz",94.12
15.9777623,49.1575435,5875,472,17,5386,2.89,0.2,0,"Lipník","Dolní Vilémovice 148","STK Dolní Vilémovice, s.r.o.","568862060","info@stkvilemovice.cz",91.68
16.5365663,48.9879017,5072,242,10,4820,2.13,0.12,0,"Pohořelice","Brněnská 1019","Ing. Pavel Kurimai","602 736 275, 519 424 710","stk-kurimai@volny.cz",95.03
17.0091569,49.290023,4686,186,30,4470,2.1,0.14,0.01,"Vyškov","Průmyslová 591/1","Stavební konstrukce Vyškov a.s.","517341956","cerny@stk-vyskov.cz",95.39
16.3180135,49.0394113,4208,341,17,3850,2.34,0.21,0.01,"Moravský Krumlov","Okružní 399","STK Moravský Krumlov s.r.o.","515321305","stk@stk-mk.cz",91.49
15.8785696,49.228256,3887,606,38,3243,1.97,0.58,0.02,"Třebíč","Na Nivkách 305","STK Automoto TŘEBÍČ s.r.o.","568 821 680","info@stk-trebic.cz",83.43
15.4590712,49.1732801,6227,840,160,5227,2.83,0.5,0.04,"Telč","Radkovská 230","Opravny Telč, a.s.","567213005","stk@opravnytelc.cz",83.94
16.6008784,49.1459957,16269,546,22,15701,2.49,0.07,0,"Brno","Vídeňská 267/106d","STK BRNO s.r.o.","547 212 875, 547 212 884","stkbrno@seznam.cz",96.51
15.6071269,49.2344743,8633,687,106,7840,4.44,0.28,0.01,"Dlouhá Brtnice","Dlouhá Brtnice 165","AUTOCONTROL, spol. s r.o.","567210627","info@autocontrol.cz",90.81
16.5554027,49.1730593,4423,177,22,4224,1.73,0.09,0.01,"Brno","Jihlavská 29","BĚLOHRADSKÝ spol. s r.o.","547 211 202","stk3756@seznam.cz",95.5
16.678227,49.1758713,6922,348,59,6515,1.42,0.15,0.01,"Brno","Řípská 11e","STK SLATINA, a.s.","533440180","stk@stkslatina.cz",94.12
16.7617066,49.1776096,4731,330,38,4363,1.67,0.14,0.01,"Jiříkovice","Rohlenka 250","STK Jiříkovice s.r.o.","544212101","stkjirikovice@powercars.cz",92.22
16.4025709,49.1678285,4377,295,62,4020,1.48,0.2,0.02,"Tetčice","Palackého 379","DAJAN spol. s r.o.","546213856","stktetcice@seznam.cz",91.84
16.2941515,49.2215531,1057,37,23,997,2.18,0.09,0.02,"Zbraslav","Zbraslav 448","Stanislav Pelant","546213323","pelantstanislav@seznam.cz",94.32
16.6182534,49.1628732,8106,164,34,7908,1.85,0.04,0.01,"Brno","K terminálu 700/1","STK Heršpice s.r.o.","543213549","stkherspice@seznam.cz",97.56
16.6045895,49.1333496,4945,252,11,4682,2.29,0.13,0,"Modřice","Brněnská 404","STK MODŘICE s.r.o.","547212847","stk@stkmodrice.cz",94.68
15.5647493,49.3948706,3288,288,10,2990,4.89,0.32,0.01,"Jihlava","Žižkova 5428/120","Lenka Hosová","567212919","stk.jihlava@iex.cz",90.94
15.7634393,49.2426747,2902,339,98,2465,2.54,0.45,0.05,"Okříšky","Jihlavská 595","TZ Auto, s.r.o.","564034836","info@stkokrisky.cz",84.94
15.5955141,49.4083839,4508,228,4,4276,1.57,0.11,0,"Jihlava","Mlýnská 60","BĚLOHRADSKÝ spol. s r.o.","567213645","stk3765@seznam.cz",94.85
16.0709491,48.8542591,15898,1164,71,14663,4.23,0.23,0.01,"Znojmo","Dobšická 2483/6","STK Znojmo, s.r.o.","515230688","stk.znojmo@psota-znojmo.cz",92.23
17.5286493,49.196752,4750,514,51,4185,1.64,0.3,0.02,"Otrokovice","Letiště 1894","HESPO s.r.o.","577106006","stk.otrokovice@seznam.cz",88.11
17.8466694,49.21754,8709,632,27,8050,2.11,0.28,0.01,"Vizovice","Zlínská ulice 1160","STK CENTRUM VIZOVICE, s.r.o.","577018639","info@stk.vizovice",92.43
16.6759416,49.2009409,5163,135,8,5020,2.42,0.06,0,"Brno - Líšeň","Trnkova 2785","AMEX spol. s r. o.","544213702","stk3769@seznam.cz",97.23
16.6588335,49.1846502,8710,313,23,8374,2.64,0.07,0,"Brno - Černovice","Olomoucká 1283/156c","INSPEKT CAR s.r.o.","603735482","inspektcar@seznam.cz",96.14
17.479999,49.074273,5485,454,82,4949,1.82,0.22,0.02,"Uherské Hradiště","Sokolovská 1792","STK Uherské Hradiště s.r.o.","608147151","info@stkuh.cz",90.23
16.6473932,49.1873755,5121,193,7,4921,2.33,0.07,0,"Brno - Černovice","Olomoucká ul. č.p. 1292","STK Olomoucká s.r.o.","773770055","stkolomoucka@seznam.cz",96.09
16.8884312,48.7649143,3616,225,9,3382,2.55,0.18,0,"Břeclav","Lidická 1711/3","STK-SME Břeclav s.r.o.","541210183","stk.breclav@psota-znojmo.cz",93.53
17.2027263,50.2130406,3991,394,241,3356,0.98,0.24,0.09,"Jeseník","Slunná 98","SLUŽBY BPK s.r.o.","584401332","stk@sluzby-bpk.cz",84.09
16.9618022,49.9546334,3423,705,118,2600,3.73,0.79,0.05,"Šumperk","Zábřežská 658/73","ABA STKáčko s.r.o.","583 213 800, 583 217 477","abastk@spk.cz",75.96
17.2790226,49.7247825,6033,252,96,5685,1.63,0.12,0.02,"Šternberk","Litovelská 14","ŠTERNBERSKÁ STK s.r.o.","585012674","stk.sternberk@volny.cz",94.23
17.2533595,49.6086877,13113,349,68,12696,2.15,0.1,0.01,"Olomouc","Lazecká 70a","STK AUTOL OLOMOUC, s.r.o.","585222484","autolstk@volny.cz",96.82
18.3439631,49.667263,7312,482,35,6795,1.79,0.25,0.01,"Frýdek-Místek","Beskydská 2299","AD STK FRÝDEK-MÍSTEK","558 439 355, 558 644 973","adstk.fm@tiscali.cz",92.93
16.9805707,49.9532773,6,0,0,6,5,0,0,"Šumperk","Žerotínova 63","TESTCAR s.r.o.","583212821","sumperk@testcar.cz",100
18.2714109,49.8513406,6801,237,10,6554,2.34,0.13,0,"Ostrava","Špálova 11","STK SAGITA spol. s r.o.","596136727","stksagitasro@volny.cz",96.37
17.4795356,49.9979616,6590,384,18,6188,2.34,0.18,0.01,"Bruntál","Krnovská 16a","STK START CENTRUM BRUNTÁL s.r.o.","723342400","prijem@stkbruntal.cz",93.9
17.868087,49.9447146,7758,377,44,7337,1.66,0.13,0.01,"Opava","Slavkovská 39","DM BETA s.r.o.","553 625 056, 553 777 406","stk3810@centrum.cz",94.57
18.527666,49.8612207,3,0,0,3,1.33,0,0,"Karviná","Bohumínská 1876","TKLAS Karviná s.r.o.","596382202","tklas@volny.cz",100
17.4566333,49.4323331,7,0,0,7,0.29,0,0,"Přerov","Lověšice 258/III","TESTCAR s.r.o.","581209536","prerov@testcar.cz",100
17.7121489,49.5528569,4228,371,36,3821,1.19,0.37,0.01,"Hranice","Hranická 505","ELEKTRO-LUMEN, s.r.o.","581 699 426 - 7","stk@el-lumen.cz",90.37
18.286145,49.7780847,13260,511,18,12731,2.8,0.12,0,"Ostrava","U Řeky 660","STK-Tajga, Hrabová, s.r.o.","596 734 052, 596 734 053","stk@stk-tajga.cz",96.01
18.0065723,49.6029462,8469,996,132,7341,1.96,0.39,0.03,"Šenov u Nového Jičína","Malostranská 579","STK RITZ s.r.o.","556 701 228, 556 720 116","info@stk-novyjicin.cz",86.68
18.1559063,49.6080141,2,0,0,2,0,0,0,"Kopřivnice","Dělnická 831","TESTCAR s.r.o.","556802608","koprivnice@testcar.cz",100
17.965548,49.4639506,3,0,0,3,2,0,0,"Valašské Meziříčí","Palackého 220","TESTCAR s.r.o.","571621251","valmez@testcar.cz",100
17.3037741,49.582704,15,0,0,15,0.33,0,0,"Olomouc","Hamerská 883/5a","STK nákladních vozidel Olomouc s.r.o.","585311627","stk-olomouc@volny.cz",100
17.9646956,49.3635894,8989,740,49,8200,1.64,0.22,0.01,"Vsetín","Bobrky 2270","CAR OK STK s.r.o.","571 411 024","carok.stk@tiscali.cz",91.22
18.5009813,49.7984397,4106,272,103,3731,1.96,0.31,0.04,"Horní Suchá","ul. 9. května 66","AUTO KLUB STONAVA v AČR","596422561","stk-3820@volny.cz",90.87
18.3772841,49.8719074,5633,305,21,5307,1.24,0.16,0.01,"Rychvald","Bohumínská 1806","TEAM-MAAT, spol. s r.o.","596572214","stk3821@volny.cz",94.21
18.331296,49.6845857,12,0,0,12,1.42,0,0,"Sviadnov","Ostravská 264","TESTCAR s.r.o.","558436315","sviadnov@testcar.cz",100
18.279927,49.8258491,8,0,0,8,0.62,0,0,"Ostrava","Vítkovická 3258/9","TESTCAR s.r.o.","596635264","ostrava@testcar.cz",100
18.6625369,49.674628,5190,806,128,4256,2.34,0.67,0.04,"Třinec","Frýdecká 272","STK Třinec s.r.o.","558996141","stk-trinec@seznam.cz",82
18.2057664,49.8991016,4554,211,5,4338,1.87,0.15,0,"Hlučín","Markvartovická 7","STK-Ostrava s.r.o.","595 042 786","hlucin@stk-ostrava.cz",95.26
17.4428548,49.4652447,6628,271,59,6298,2.26,0.14,0.02,"Přerov","Teličkova 35","KOVET spol. s r.o.","581 211 845, 581 702 314","kovet@volny.cz",95.02
17.9170755,49.9351134,9728,415,79,9234,1.65,0.17,0.02,"Opava","Těšínská 2868/37A","OP KONTROL spol. s r.o.","553609254","stk.vavra@tqm.cz",94.92
18.2067206,49.539558,6324,374,51,5899,2.34,0.18,0.01,"Frenštát pod Radhoštěm","Martinská čtvrť 1705","STK FREN s.r.o.","556836941","stkfren@seznam.cz",93.28
18.1953266,49.8335921,11158,763,24,10371,2.08,0.19,0,"Ostrava","Třebovická 5556/1b","STK - Ostrava s.r.o.","596 966 300","trebovice@stk-ostrava.cz",92.95
17.7205453,50.0919235,4318,362,53,3903,0.93,0.24,0.02,"Krnov","Ve Vrbině 4","VESTAP - výstavba domů a bytů s.r.o.","554611413","stkkrnov@seznam.cz",90.39
17.4714672,50.0055074,2112,297,25,1790,2.61,0.5,0.02,"Bruntál","Zahradní 1925/44a","JV FOODS, spol. s r.o.","554713008","stk3831@seznam.cz",84.75
18.5561314,49.8433099,3206,345,54,2807,1.11,0.36,0.02,"Karviná","Za Splavem 884","TKLAS Karviná, s.r.o.","596318844","tklas@volny.cz",87.55
18.3862911,49.8297629,5557,232,21,5304,1.46,0.13,0.01,"Petřvald","Ostravská 1833","Jaroslav Janči, s.r.o.","596530300","info@stk-petrvald.cz",95.45
18.2693699,49.7775427,10908,472,11,10425,3,0.12,0,"Ostrava","Krmelínská 13","STK - Ostrava s.r.o.","596728500","hrabova@stk-ostrava.cz",95.57
16.8852428,49.8796701,4185,301,100,3784,3.26,0.26,0.04,"Zábřeh","Na Křtaltě 37","František Nosálek - Franotrans","583411238","frano.trans@iol.cz, stk3835@seznam.cz",90.42
18.0332334,49.7576321,6893,392,13,6488,2.86,0.19,0,"Velké Albrechtice","Ostravská 309","Ester Kučerová","558272444","info@stk-bilovec.cz",94.12
18.3898635,49.7918837,5961,434,52,5475,2.12,0.28,0.01,"Šenov","Pod Šodkem 1618","Radomír Skopek","596891192","autoskopek2004@volny.cz",91.85
16.8914319,49.8852843,5163,340,29,4794,2.58,0.2,0.01,"Zábřeh","Lesnická 2179/2a","Autocentrum Zábřeh s.r.o.","583499499","kasparj@stkzabreh.cz",92.85
18.0374183,49.9573798,4125,276,20,3829,2.06,0.17,0.01,"Štěpánkovice","Slezská 643","HARASIM s.r.o.","553675228","mharasim@stepankovice.cz",92.82
18.7590817,49.5871999,4344,520,36,3788,3.01,0.54,0.02,"Návsí","Návsí 976","S. B. J. Motocentrum spol. s r.o.","558 340 985","stk.navsi@atlas.cz",87.2
18.2511831,49.8352306,6875,338,26,6511,1.06,0.13,0.01,"Ostrava","Oběžná 2086/13","TEAM MAAT spol. s r.o.","596118487","stk@stkok.cz",94.71
17.2577011,49.5709507,7292,425,25,6842,2.68,0.2,0,"Olomouc","Slavonínská 5","EURO - PROFICAR s.r.o.","585414608","stk.eurocar@seznam.cz",93.83
16.9624842,49.9537843,5972,535,48,5389,3.33,0.25,0.01,"Šumperk","Jesenická 3071/1D","Expres Commercio s.r.o.","583222200","exprescom.stk@seznam.cz",90.24
17.9527971,49.4666509,9605,654,55,8896,1.72,0.25,0.01,"Poličná","Poličná 508","AMG CENTRUM, s.r.o.","571611122","stkvm@seznam.cz",92.62
17.0718322,49.7003131,6883,686,93,6104,2.66,0.34,0.02,"Litovel","Příčná 1269/11","J&J Kreuzberg spol. s r.o.","585 341 253, 585 343 096","vladimir.jasek@iex.cz",88.68
17.5778994,49.5249645,6015,313,41,5661,2.17,0.16,0.01,"Lipník nad Bečvou","Na Zelince 1537","Kovet spol. s.r.o.","581701731","stklipnik@kovet.cz",94.11
18.1464455,49.5975269,6194,465,40,5689,1.86,0.24,0.01,"Kopřivnice","Štefánikova 221/20","STK KOPR s.r.o.","556821690","stk5@seznam.cz",91.85
18.3261652,49.6752283,11072,551,11,10510,1.96,0.17,0,"Frýdek-Místek","17. listopadu 2269","MPS KONTROL s.r.o.","558431243","info@stk-frydekmistek.cz",94.92
18.4098534,49.7892866,7483,398,54,7031,2.87,0.14,0.01,"Havířov","Železničářů 1529/1c","KTS servis s.r.o.","596314448","stk.havirov@seznam.cz",93.96
17.3013535,49.5709003,20331,734,81,19516,2.45,0.12,0.01,"Olomouc","Týnecká 833/39","STK ""Na Přerovské"" s.r.o.","585155472","stk.naprerovske@seznam.cz",95.99
17.4608564,49.9873801,4748,171,82,4495,4.68,0.11,0.03,"Bruntál","Ruská 10","Zdeněk Mlynarčík","554212024","stkbruntal.ruska10@email.cz",94.67
18.5299526,49.8539137,3670,448,69,3153,1.43,0.36,0.02,"Karviná","Ostravská 1946/12","STK EMISE, s.r.o.","734750200","stkemise@post.cz",85.91
18.3565476,49.6606344,6556,512,143,5901,3.53,0.22,0.03,"Český Těšín","Frýdlanská 1978","KTS servis s.r.o.","734755200","stkceskytesin@seznam.cz",90.01
