"","id_stanice","prohlidky_celkem","docasne_zpusoblile_pocet","docasne_zpusobile_pct","nezpusobile_pocet","nezpusobile_pct","zpusobile_pocet","zpusobile_pct","blank","prum_poc_zavad_lehke","prum_poc_zavad_vazne","prum_poc_zavad_nebezpecne","druh_stk","psc","mesto","ulice","provozovatel","telefon","email","orp","okres","kraj"
"1",3103,0,0,0,0,0,0,0,NA,0,0,0,"NA, TRA","108 56","Praha 10","U vozovny 6","Dopravní podnik hl.m. Prahy a.s.","272704945","stk@dpp.cz","Praha","Praha","Hlavní město Praha"
"2",3104,11831,715,6.04,58,0.49,11058,93.47,NA,1.58,0.13,0.01,"OA, ZS","150 00","Praha 5","Plzeňská 215b","STK MOTOL S.R.O.","257210963","stk@stkmotol.cz","Praha","Praha","Hlavní město Praha"
"3",3105,10831,744,6.87,83,0.77,10004,92.36,NA,2.69,0.13,0.01,"OA, ZS","100 31","Praha 10","Průběžná 76","STK Praha, s.r.o.","274774867","stk@aboservis.cz","Praha","Praha","Hlavní město Praha"
"4",3106,9637,107,1.11,7,0.07,9523,98.82,NA,1.44,0.02,0,"OA, NA, TRA, ZS, ADR","153 00","Praha 5","Jeremiášova 870","DISKARD STK spol. s r.o.","723904805","info@stk-diskard.cz","Praha","Praha","Hlavní město Praha"
"5",3107,32,0,0,0,0,32,100,NA,2.25,0,0,"NA, TRA, ZS","148 00","Praha 4","Dobronická 635","STK Kunratice spol. s r.o.","261 112 399, 261 112 597","stk-kunratice-nakladni@dekra.cz","Praha","Praha","Hlavní město Praha"
"6",3108,6889,933,13.54,61,0.89,5895,85.57,NA,1.73,0.36,0.01,"OA, ZS","169 00","Praha 6","Radimova 39","Břevnovská STK s.r.o.","220513268","brevnovska.stk@seznam.cz","Praha","Praha","Hlavní město Praha"
"7",3109,4376,92,2.1,4,0.09,4280,97.81,NA,3.03,0.06,0,"OA, ZS","181 00","Praha 8","Čimická 894/131","Antonín Indra STK ,spol. s r.o.","233557743","stk-cimice@volny.cz","Praha","Praha","Hlavní město Praha"
"8",3110,5352,267,4.99,27,0.5,5058,94.51,NA,1.73,0.12,0.01,"OA, ZS","130 00","Praha 3","Osiková 2688/2","DEKRA CZ a.s.","251002130","stkjarov@dekra.cz","Praha","Praha","Hlavní město Praha"
"9",3112,11746,752,6.4,77,0.66,10917,92.94,NA,1.46,0.17,0.01,"OA, NA, TRA, ZS","109 00","Praha 15","K Měcholupům 3","AUTO-VESELÝ, s.r.o.","274 877 292","vesely@stkmecholupy.cz","Praha","Praha","Hlavní město Praha"
"10",3113,3908,350,8.96,42,1.07,3516,89.97,NA,1.75,0.18,0.01,"OA, ZS","120 00","Praha 2","Fričova 13","PRONTO STK s.r.o.","222 564 115","stkpraha@stkpraha.cz","Praha","Praha","Hlavní město Praha"
"11",3114,12745,309,2.42,24,0.19,12412,97.39,NA,1.75,0.05,0,"OA, ZS","101 00","Praha 10","Nad Vršovskou horou 88/4","STK Bohdalec s.r.o.","267 107 485, 267 107 488","info@stk-bohdalec.cz","Praha","Praha","Hlavní město Praha"
"12",3115,3204,267,8.33,13,0.41,2924,91.26,NA,1.79,0.25,0,"OA, ZS","190 00","Praha 9","Na Výběžku 688/11","Pro-M, s.r.o.","284 818 928, 284 818 927","stkvysocany.cz@dekra.com","Praha","Praha","Hlavní město Praha"
"13",3116,4943,403,8.15,26,0.53,4514,91.32,NA,1.39,0.21,0.01,"OA, ZS","182 00","Praha 8","Bešťákova 567/3","MYNOS STK, s.r.o.","286 580 824","stkstkpraha8@gmail.com","Praha","Praha","Hlavní město Praha"
"14",3117,6621,333,5.03,36,0.54,6252,94.43,NA,1.13,0.11,0.01,"OA","190 00","Praha 9","Prosecká 817","DEKRA CZ a.s.","283 881 307","stk-prosek@dekra.cz","Praha","Praha","Hlavní město Praha"
"15",3118,2096,262,12.5,28,1.34,1806,86.16,NA,0.49,0.3,0.02,"OA, ZS","101 01","Praha 10","Přípotoční 300","Zařízení služeb pro MV","974844447","stk3118@seznam.cz","Praha","Praha","Hlavní město Praha"
"16",3119,5496,485,8.82,54,0.98,4957,90.19,NA,2,0.28,0.01,"OA, ZS","153 00","Praha 5","Výpadová 1559","AUTO FEMAT s.r.o.","242 410 660-1","stk@femat-auto.cz","Praha","Praha","Hlavní město Praha"
"17",3120,12001,1503,12.52,62,0.52,10436,86.96,NA,0.91,0.38,0.01,"OA, ZS","198 00","Praha 14","Skorkovská  1537","TÜV NORD Czech, s.r.o.","281 915 951, 281 915 952","zizkovsky@tuev-nord.cz; stk-praha@tuev-nord.cz","Praha","Praha","Hlavní město Praha"
"18",3121,7893,426,5.4,16,0.2,7451,94.4,NA,1.1,0.13,0,"OA, ZS","170 00","Praha 7","Za elektrárnou 19","STK Holešovice s.r.o.","267052285","stk@stkholesovice.cz","Praha","Praha","Hlavní město Praha"
"19",3122,9576,513,5.36,16,0.17,9047,94.48,NA,1.2,0.14,0,"OA, ZS","163 00","Praha 6","Karlovarská 814","NH group s.r.o.","725392611","stkrepy@stkrepy.cz","Praha","Praha","Hlavní město Praha"
"20",3123,7781,411,5.28,43,0.55,7327,94.17,NA,1.64,0.13,0.01,"OA, ZS","148 25","Praha 4","Dobronická 1216","STK Kunratice spol. s r.o.","242456194","stkkunratice@gmail.cz","Praha","Praha","Hlavní město Praha"
"21",3124,7729,166,2.15,19,0.25,7544,97.61,NA,4.04,0.04,0,"OA, TRA","184 00","Praha 8","Dopraváků 723/1","TEKOSO-STK spol.s r.o.","283085164","stk3124@seznam.cz","Praha","Praha","Hlavní město Praha"
"22",3125,4345,108,2.49,6,0.14,4231,97.38,NA,2.64,0.04,0,"OA, TRA","104 00","Praha 10 Uhřiněves","Podleská 1545/1","PETRA s.r.o.","267315085","stk3125@seznam.cz","Praha","Praha","Hlavní město Praha"
"23",3126,10551,1072,10.16,71,0.67,9408,89.17,NA,1.56,0.22,0.01,"OA","149 00","Praha 4","Ohradní","PRONTO STK s.r.o.","607691696","stkpraha@stkpraha.cz","Praha","Praha","Hlavní město Praha"
"24",3127,4116,255,6.2,49,1.19,3812,92.61,NA,1.58,0.19,0.01,"OA","184 00","Praha 9","Dopraváků 874/15","TEKOSO-STK spol.s r.o.","273130110","stk3127@seznam.cz","Praha","Praha","Hlavní město Praha"
"25",3128,6449,422,6.54,13,0.2,6014,93.25,NA,1.25,0.18,0,"OA","149 00","Praha 4","Mezi vodami 1097/25","ESPM s.r.o.","725888170","info@stk-modrany.cz","Praha","praha","Hlavní město Praha"
"26",3201,0,0,0,0,0,0,0,NA,0,0,0,"NA, TRA, ZS","261 01","Příbram","K Podlesí 539","BOVAS s.r.o.","318628552","stkpbsro@volny.cz","Příbram","Příbram","Středočeský kraj"
"27",3202,12093,924,7.64,115,0.95,11054,91.41,NA,1.99,0.18,0.01,"OA, NA, TRA, ZS","276 01","Mělník","Mladoboleslavská 2801","STK Mělník Mladoboleslavská s.r.o.","315623328","stkmelnik@stkmelnik.cz;","Mělník","Mělník","Středočeský kraj"
"28",3203,5136,144,2.8,27,0.53,4965,96.67,NA,1.4,0.07,0.01,"OA, ZS","274 01","Slaný","Netovická 350","TERRI s.r.o.","312527670","stk.slany@terri.cz","Slaný","Kladno","Středočeský kraj"
"29",3204,3846,198,5.15,24,0.62,3624,94.23,NA,4.1,0.1,0.01,"OA, TRA, ZS","285 04","Uhlířské Janovice","Kolínská 670","STK Janovice, s.r.o.","327542266","stkjanovice-osobni@seznam.cz","Kutná Hora","Kutná Hora","Středočeský kraj"
"30",3205,5784,409,7.07,19,0.33,5356,92.6,NA,3.99,0.14,0,"OA, TRA, ZS","257 26","Divišov","Na Pile 300","STK Divišov s.r.o.","317 855 330","stkdivisov@volny.cz","Benešov","Benešov","Středočeský kraj"
"31",3206,5016,348,6.94,26,0.52,4642,92.54,NA,2.58,0.18,0.01,"OA, TRA, ZS","294 41","Dobrovice","Kosořická 580","STK - PECHA v.o.s.","326398112","pecha-stk@quick.cz","Mladá Boleslav","Mladá Boleslav","Středočeský kraj"
"32",3207,10175,580,5.7,274,2.69,9321,91.61,NA,2.42,0.16,0.03,"OA, ZS","272 04","Kladno","Vašíčkova 71","AUTOŠTOL-STK s r.o.","312 267 113","stk3207@stkkladno.cz","Kladno","Kladno","Středočeský kraj"
"33",3208,5323,458,8.6,45,0.85,4820,90.55,NA,3.43,0.25,0.01,"OA, ZS","261 01","Příbram","Obecnická 323","ASOCOM spol. s r.o.","318635564","bergers@asocom.cz; manager@asocom.cz","Příbram","Příbram","Středočeský kraj"
"34",3209,6168,380,6.16,106,1.72,5682,92.12,NA,2.14,0.22,0.03,"OA, TRA, ZS","288 02","Nymburk","Maršála Koněva 660/44","ŠPÁRA, s.r.o.","325 513 653","stk@spara.cz","Nymburk","Nymburk","Středočeský kraj"
"35",3210,6359,760,11.95,66,1.04,5533,87.01,NA,3.34,0.39,0.02,"OA, ZS","280 02","Kolín","Ovčárecká 509","Stanice technické kontroly Kolín spol. s r.o.","321724966","info@stkkolin.cz","Kolín","Kolín","Středočeský kraj"
"36",3211,5549,212,3.82,22,0.4,5315,95.78,NA,2.16,0.08,0.01,"OA, TRA, ZS","252 10","Mníšek pod Brdy","Nádražní 439","INTERAUTO s.r.o.","318592640","interauto@volny.cz","Černošice","Praha-západ","Středočeský kraj"
"37",3212,7829,378,4.83,56,0.72,7395,94.46,NA,3.4,0.13,0.01,"OA, TRA, ZS","269 01","Rakovník II","Luženská 1992","AUTOFIJA s.r.o.","313512332","autofija@tiscali.cz","Rakovník","Rakovník","Středočeský kraj"
"38",3213,8279,753,9.1,85,1.03,7441,89.88,NA,1.61,0.26,0.01,"OA, TRA, ZS","250 01","Brandýs nad Labem-Stará Boleslav","Zápská 2257","STK Centrum spol. s r.o.","326370055","stk@stkbrandys.cz","Brandýs nad Labem-Stará Boleslav","Praha-východ","Středočeský kraj"
"39",3214,2,0,0,0,0,2,100,NA,1,0,0,"NA, TRA, ZS","272 80","Kladno","Železničářů 885 areál ČSAD","TESTCAR s.r.o.","312680016","kladno@testcar.cz","Kladno","Kladno","Středočeský kraj"
"40",3215,5202,304,5.84,47,0.9,4851,93.25,NA,1.74,0.14,0.01,"OA, NA, TRA, ZS","278 01","Kralupy nad Vltavou","Přemyslova 431","STK Kralupy s.r.o.","315727897","info@stkkralupy.cz","Kralupy nad Vltavou","Mělník","Středočeský kraj"
"41",3216,5827,422,7.24,36,0.62,5369,92.14,NA,4.1,0.17,0.01,"OA, NA, TRA, ZS","284 45","Kutná Hora","Hrnčířská 207","UNIKOM - STK s.r.o.","327514515","stk@unikom.cz","Kutná Hora","Kutná Hora","Středočeský kraj"
"42",3217,21,1,4.76,1,4.76,19,90.48,NA,2.62,0.14,0.1,"NA, TRA, ZS","268 01","Hořovice","Masarykova 1432","STK Hořovice spol. s r.o.","311516727","jcejka@stkhorovice.cz","Hořovice","Beroun","Středočeský kraj"
"43",3218,3655,128,3.5,62,1.7,3465,94.8,NA,4.12,0.13,0.02,"OA, NA, TRA, ZS","293 06","Kosmonosy","Boleslavská 1042","BĚLOHRADSKÝ spol. s r.o.","326 327 567","stk3218@seznam.cz","Mladá Boleslav","Mladá Boleslav","Středočeský kraj"
"44",3219,6110,356,5.83,145,2.37,5609,91.8,NA,2.44,0.17,0.03,"OA, NA, TRA, ZS","281 63","Kostelec nad Černými Lesy","nám. Smiřických 16","ČSAD POLKOST spol. s r.o.","321 679 289, ústř. 679274","stk.osobni@csadpolkost.cz","Říčany","Praha-východ","Středočeský kraj"
"45",3220,0,0,0,0,0,0,0,NA,0,0,0,"NA, TRA, ZS","288 02","Nymburk","Draho u Budiměřic 14","Technický servis STK s.r.o.","325546074","stk.3220@quick.cz","Nymburk","Nymburk","Středočeský kraj"
"46",3221,5543,296,5.34,101,1.82,5146,92.84,NA,3.21,0.17,0.03,"OA, TRA, ZS","261 01","Příbram I","Drásov 121","AUTO PETRA spol. s r.o.","318 690 266, 318 690 391","stkdrasov@volny.cz","Příbram","Příbram","Středočeský kraj"
"47",3222,5396,204,3.78,49,0.91,5143,95.31,NA,2.33,0.11,0.01,"OA, TRA","252 45","Březová-Oleško","Hlavní 9","AUTO PAŘÍZEK  s.r.o.","257760944","autoparizek@seznam.cz","Černošice","Praha-západ","Středočeský kraj"
"48",3223,10249,461,4.5,44,0.43,9744,95.07,NA,2.3,0.11,0.01,"OA, NA, TRA, ZS","256 01","Benešov","Dlouhé Pole","REVIT spol. s r.o.","317 726 351","stkbenesov@seznam.cz","Benešov","Benešov","Středočeský kraj"
"49",3224,4846,207,4.27,21,0.43,4618,95.3,NA,3.05,0.13,0.01,"OA, ZS","268 01","Hořovice","Masarykova 392","STK JIKE s.r.o.","311513777","stk32_24@seznam.cz","Hořovice","Beroun","Středočeský kraj"
"50",3225,9953,461,4.63,17,0.17,9475,95.2,NA,2.84,0.12,0,"OA, NA, TRA, ZS","252 62","Horoměřice","Suchdolská 682","JISTAB, a.s.","220 970 079, 220 970 080","stk@jistab.cz","Černošice","Praha-západ","Středočeský kraj"
"51",3226,3830,133,3.47,11,0.29,3686,96.24,NA,2.21,0.09,0,"OA, TRA, ZS","250 65","Líbeznice","Mělnická 1060","BĚLOHRADSKÝ spol. s r.o.","233 930 909","stk3226@seznam.cz","Brandýs nad Labem-Stará Boleslav","Praha-východ","Středočeský kraj"
"52",3227,8898,477,5.36,115,1.29,8306,93.35,NA,3.08,0.18,0.02,"OA, NA, TRA, ZS","251 01","Říčany","Kolovratská 2020","BĚLOHRADSKÝ spol. s r.o.","323 605 363","stk3227@centrum.cz","Říčany","Praha-východ","Středočeský kraj"
"53",3228,7458,800,10.73,91,1.22,6567,88.05,NA,2.46,0.3,0.02,"OA, ZS","267 01","Králův Dvůr","Pod Hájem 372","A-Z BEROUN s.r.o.","311637777","stk3228@seznam.cz","Beroun","Beroun","Středočeský kraj"
"54",3229,4899,277,5.65,30,0.61,4592,93.73,NA,2.67,0.18,0.01,"OA, TRA","288 02","Nymburk","Dopravní 2098","BUILDING S spol. s r.o.","724750750","stk@building.cz","Nymburk","Nymburk","Středočeský kraj"
"55",3230,4157,181,4.35,68,1.64,3908,94.01,NA,2.5,0.12,0.03,"OA, TRA, ZS","286 01","Čáslav","Vrchovská 1760","ABERA spol. s r.o.","327315555","abera@abera.cz","Čáslav","Kutná Hora","Středočeský kraj"
"56",3231,10656,508,4.77,146,1.37,10002,93.86,NA,3.08,0.11,0.02,"OA, TRA, ZS","252 63","Roztoky","Přílepská 1909","Auto Holý s.r.o.","233910035","auto-holy@volny.cz","Černošice","Praha-západ","Středočeský kraj"
"57",3232,11920,296,2.48,47,0.39,11577,97.12,NA,2.55,0.06,0.01,"OA, NA, TRA, ZS","250 82","Tuklaty","Hlavní 182","TRILOBIT REAL s.r.o.","321622290","stk@trilobit-real.cz","Český Brod","Kolín","Středočeský kraj"
"58",3233,3621,86,2.38,22,0.61,3513,97.02,NA,4.9,0.07,0.01,"OA, NA, TRA, ZS","257 65","Čechtice","Loket 52","PRP spol.s r.o.","317866060","stkloket@seznam.cz","Vlašim","Benešov","Středočeský kraj"
"59",3234,11848,658,5.55,101,0.85,11089,93.59,NA,0.97,0.14,0.01,"OA, ZS","293 01","Mladá Boleslav","Havlíčkova 1432/II","STK - PECHA v.o.s.","326737780","STK3234@volny.cz","Mladá Boleslav","Mladá Boleslav","Středočeský kraj"
"60",3235,3152,242,7.68,15,0.48,2895,91.85,NA,3.14,0.22,0.01,"OA, NA, TRA, ZS","264 01","Sedlčany","Strojírenská 741","KASOKO, s.r.o.","318 820 810, 318 820 809","stksedlcany@volny.cz","Sedlčany","Příbram","Středočeský kraj"
"61",3236,4324,624,14.43,53,1.23,3647,84.34,NA,3.54,0.42,0.02,"OA, TRA, ZS","289 01","Dymokury","Nouzov 82","Karel Theer","325512484","stk.nouzov@seznam.cz","Poděbrady","Nymburk","Středočeský kraj"
"62",3237,6346,374,5.89,67,1.06,5905,93.05,NA,3.28,0.12,0.01,"OA, ZS","258 01","Vlašim","Průmyslová 1851","STK Divišov s.r.o.","317855313","info@stkvlasim.cz; schovanek@seznam.cz","Vlašim","Benešov","Středočeský kraj"
"63",3238,7582,371,4.89,9,0.12,7202,94.99,NA,2.19,0.12,0,"OA, NA, TRA, ZS","281 01","Velim","Palackého 94","STK Velim, a.s.","321762066","stkvelim@seznam.cz","Kolín","Kolín","Středočeský kraj"
"64",3239,6754,383,5.67,25,0.37,6346,93.96,NA,2.87,0.16,0,"OA, NA, TRA, ZS","271 01","Nové Strašecí","Průmyslová 1208","AR auto, s.r.o.","724 330 990","info@stknovestraseci.cz; info@arauto.cz","Rakovník","Rakovník","Středočeský kraj"
"65",3240,8968,437,4.87,51,0.57,8480,94.56,NA,1.88,0.14,0.01,"OA, NA, TRA, ZS","289 22","Lysá nad Labem","K Milovicům 1921","STK RAPTOR s.r.o","607206206","info@stklysa.cz","Lysá nad Labem","Nymburk","Středočeský kraj"
"66",3241,9786,697,7.12,129,1.32,8960,91.56,NA,3.53,0.22,0.02,"OA, ZS","261 01","Příbram V - Zdaboř","Brodská 633","SeTeKoCAR s.r.o.","605106706","a.huml@ampseteko.cz","Příbram","Příbram","Středočeský kraj"
"67",3242,6718,609,9.07,10,0.15,6099,90.79,NA,3.33,0.18,0,"OA, NA, TRA, ZS","272 03","Kladno - Dubí","Kročehlavská 1025","BĚLOHRADSKÝ spol. s r.o.","312538260","stk3242@seznam.cz","Kladno","Kladno","Středočeský kraj"
"68",3243,13355,1379,10.33,13,0.1,11963,89.58,NA,2.8,0.18,0,"OA, NA, TRA","252 41","Dolní Břežany","Pražská 830","Automobile Centre STK s.r.o.","722004004","info@stkdb.cz","Černošice","Praha-západ","Středočeský kraj"
"69",3244,2245,161,7.17,14,0.62,2070,92.2,NA,4.99,0.16,0.01,"OA, NA, TRA","293 01","Mladá Boleslav","Jičínská 414","BĚLOHRADSKÝ spol. s r.o.","315624925","stk3244@seznam.cz","Mladá Boleslav","Mladá Boleslav","Středočeský kraj"
"70",3245,3106,405,13.04,17,0.55,2684,86.41,NA,2.21,0.35,0.01,"OA, TRA","276 01","Mělník","Na Malém Spořilově 41/51","BĚLOHRADSKÝ spol. s r.o.","312310720","stk3245@seznam.cz","Mělník","Mělník","Středočeský kraj"
"71",3246,278,18,6.47,4,1.44,256,92.09,NA,1.92,0.19,0.02,"OA","273 09","Kladno-Švermov","28. října 1503","Měření 3D spol s r.o.",NA,NA,"Kladno","Kladno","Středočeský kraj"
"72",3301,5174,603,11.65,143,2.76,4428,85.58,NA,5.44,0.54,0.05,"OA, TRA, ZS","388 01","Blatná","Vrbenská 1526","STK Blatná, spol. s r. o.","383 422 706","stk.blatna@worldonline.cz","Blatná","Strakonice","Jihočeský kraj"
"73",3302,5944,555,9.34,189,3.18,5200,87.48,NA,2.94,0.27,0.04,"OA, NA, TRA, ZS","382 01","Český Krumlov","Dolní Třebonín 195","KOMAT - STK s.r.o.","380743853","stk@komat.cz","Český Krumlov","Český Krumlov","Jihočeský kraj"
"74",3303,6321,438,6.93,62,0.98,5821,92.09,NA,1.46,0.23,0.02,"OA, ZS","386 01","Strakonice","Písecká 513","STK STRAKONICE s.r.o.","383 322 228","stk@srachta-autoservis.cz","Strakonice","Strakonice","Jihočeský kraj"
"75",3304,4579,355,7.75,70,1.53,4154,90.72,NA,1.4,0.16,0.02,"OA, NA, TRA, ZS, ADR","391 02","Sezimovo Ústí","Pod Kovosvitem 1135","STK Sezimovo Ústí spol. s r.o.","381 291 277","stksu@seznam.cz","Tábor","Tábor","Jihočeský kraj"
"76",3305,4416,412,9.33,56,1.27,3948,89.4,NA,2.94,0.25,0.01,"OA, TRA, ZS","390 02","Tábor","Měšická 1993","PETA servis, spol. s r.o.","381 254 670","stkpeta@volny.cz","Tábor","Tábor","Jihočeský kraj"
"77",3306,8991,251,2.79,13,0.14,8727,97.06,NA,2.29,0.06,0,"OA, ZS","370 01","České Budějovice","Rudolfovská 17","VOŠ, SPŠ automobilní a technická","386 356 589","stk@spsautocb.cz","České Budějovice","České Budějovice","Jihočeský kraj"
"78",3307,18785,1406,7.48,147,0.78,17232,91.73,NA,1.86,0.2,0.01,"OA, NA, TRA, ZS","370 01","České Budějovice","Pekárenská 77","STK České Budějovice, s.r.o.","389 009 190-4","stk.cb@seznam.cz","České Budějovice","České Budějovice","Jihočeský kraj"
"79",3308,6859,338,4.93,76,1.11,6445,93.96,NA,0.99,0.12,0.02,"OA, TRA, ZS","377 02","Jindřichův Hradec","Jarošovská 869/II","AR PARTNER s.r.o.","384321006","stk@arpartnerjh.cz","Jindřichův Hradec","Jindřichův Hradec","Jihočeský kraj"
"80",3309,4,0,0,0,0,4,100,NA,1.25,0,0,"NA, TRA","389 01","Vodňany","Stožická 840","STK ZÁRUBA M & K s.r.o.","383382522","stk@zaruba.cz","Vodňany","Strakonice","Jihočeský kraj"
"81",3310,6472,522,8.07,72,1.11,5878,90.82,NA,3.07,0.24,0.02,"OA, ZS","397 01","Písek","Hradišťská 2439","JIKONA STK s.r.o.","382219089","jikona@volny.cz","Písek","Písek","Jihočeský kraj"
"82",3311,6786,378,5.57,53,0.78,6355,93.65,NA,3.17,0.15,0.01,"OA, NA, TRA, ZS","393 01","Pelhřimov","Skrýšovská 1968","STK PELHŘIMOV spol. s r.o.","565323110","stk@stkpelhrimov.cz","Pelhřimov","Pelhřimov","Vysočina"
"83",3312,6,0,0,0,0,6,100,NA,0.17,0,0,"NA, TRA, ZS","377 01","Jindřichův Hradec","Jitka-Otín 3","BONUS Prachatice spol. s r.o.","384326717","stkjh@stkjh.cz","Jindřichův Hradec","Jindřichův Hradec","Jihočeský kraj"
"84",3313,4616,377,8.17,18,0.39,4221,91.44,NA,2.18,0.19,0,"OA, TRA, ZS","375 01","Týn nad Vltavou","Táborská 568","STK Týn nad Vltavou s.r.o.","385732608","stktyn@gmail.com","Týn nad Vltavou","České Budějovice","Jihočeský kraj"
"85",3314,6177,431,6.98,86,1.39,5660,91.63,NA,1.61,0.16,0.02,"OA, ZS","390 02","Tábor","Pelhřimovská 2940","AUTA TEST s.r.o.","381 253 175","stk@stk-tabor.cz","Tábor","Tábor","Jihočeský kraj"
"86",3315,4152,393,9.47,59,1.42,3700,89.11,NA,1.89,0.34,0.02,"OA, ZS","384 22","Vlachovo Březí","Žižkova 117","Alena Ládová - DOZER s.r.o.","388320153","dozer.stk@cmail.cz","Prachatice","Prachatice","Jihočeský kraj"
"87",3316,6934,694,10.01,436,6.29,5804,83.7,NA,3.13,0.43,0.09,"OA, TRA, ZS","396 01","Humpolec","Pelhřimovská 738","STK Humpolec s.r.o.","565533491","stk.humpolec@tiscali.cz","Humpolec","Pelhřimov","Vysočina"
"88",3317,5,0,0,0,0,5,100,NA,0.6,0,0,"NA, TRA, ZS","384 22","Vlachovo Březí","Chlumany 100","Alena Ládová - DOZER s.r.o.","388320000","dozer.stk@cmail.cz","Prachatice","Prachatice","Jihočeský kraj"
"89",3318,26,1,3.85,0,0,25,96.15,NA,0.62,0.04,0,"NA, TRA","397 01","Písek","U Hřebčince 2534","ATOS, s.r.o.","382212564","atospisek@volny.cz","Písek","Písek","Jihočeský kraj"
"90",3319,3337,314,9.41,78,2.34,2945,88.25,NA,3.53,0.24,0.03,"OA, TRA, ZS","399 01","Milevsko","Hrejkovice 110","Tollinger s.r.o.","382211089","stk@tollingercz.cz","Milevsko","Písek","Jihočeský kraj"
"91",3320,11264,883,7.84,26,0.23,10355,91.93,NA,4.41,0.15,0,"OA, ZS","370 01","České Budějovice","Jindřicha Plachty 56/2606","Alena Ládová - DOZER s.r.o.","387314265","dozer.stk@cmail.cz","České Budějovice","České Budějovice","Jihočeský kraj"
"92",3321,2752,278,10.1,35,1.27,2439,88.63,NA,3.31,0.33,0.02,"OA, ZS","399 01","Milevsko","Sažinova 1438","Jikona STK s.r.o.","382 521 013","stk_mil@volny.cz","Milevsko","Písek","Jihočeský kraj"
"93",3322,7164,528,7.37,73,1.02,6563,91.61,NA,2.68,0.2,0.02,"OA, ZS","379 01","Třeboň","Jiráskova 1202","STK Kalivoda s.r.o.","384721865","stktrebon@tiscali.cz","Třeboň","Jindřichův Hradec","Jihočeský kraj"
"94",3323,5560,387,6.96,84,1.51,5089,91.53,NA,4.25,0.14,0.02,"OA, NA, TRA, ZS","392 01","Soběslav","Nová 514/II","PETA servis, spol. s r.o.","381 521 431","stkpetas@volny.cz","Soběslav","Tábor","Jihočeský kraj"
"95",3324,3097,184,5.94,5,0.16,2908,93.9,NA,2.54,0.15,0,"OA, ZS","392 01","Soběslav","Nová 515","STK Týn nad Vltavou s.r.o.","381 521 530","stksob@volny.cz","Soběslav","Tábor","Jihočeský kraj"
"96",3325,2956,284,9.61,62,2.1,2610,88.29,NA,3.15,0.37,0.03,"OA","383 01","Prachatice","Vodňanská 964","Alena Ládová - DOZER s.r.o.","388310656","dozer.stk@cmail.cz","Prachatice","Prachatice","Jihočeský kraj"
"97",3326,4887,368,7.53,113,2.31,4406,90.16,NA,4.74,0.25,0.03,"OA, TRA, ZS","398 01","Mirotice","Družstevní 335","STK Mirotice s.r.o.","382 229 094","stkmirotice@tiscali.cz","Písek","Písek","Jihočeský kraj"
"98",3327,4716,398,8.44,63,1.34,4255,90.22,NA,4.39,0.32,0.02,"OA, NA, TRA","382 21","Kájov","Křenov u Kájova parc. č. 265, areál BOXIT","BĚLOHRADSKÝ spol. s r.o.","380750995","stk3327@seznam.cz","Český Krumlov","Český Krumlov","Jihočeský kraj"
"99",3401,6053,492,8.13,90,1.49,5471,90.38,NA,2.61,0.21,0.02,"OA, ZS","318 03","Plzeň","Domažlická 126","AUTOKOMPLET- servis Plzeň s.r.o.","377386776","stk@autokomplet91.cz","Plzeň-město","Plzeň-město","Plzeňský kraj"
"100",3402,10247,491,4.79,77,0.75,9679,94.46,NA,3.27,0.11,0.01,"OA, ZS","356 01","Sokolov","Citická 2069","TYLINGER, s.r.o.","352600063","stksokolov@seznam.cz","Sokolov","Sokolov","Karlovarský kraj"
"101",3403,4360,126,2.89,7,0.16,4227,96.95,NA,2.15,0.09,0,"OA, TRA, ZS","342 01","Sušice","Čimice 77","Čimická STK s.r.o.","376596542","stk3403@autokalny.cz","Sušice","Klatovy","Plzeňský kraj"
"102",3404,3728,343,9.2,48,1.29,3337,89.51,NA,4.39,0.34,0.03,"OA, ZS","338 05","Mýto","Plzeňská 569","STK Mýto s.r.o.","371750316","stk.myto@mybox.cz","Rokycany","Rokycany","Plzeňský kraj"
"103",3406,7534,229,3.04,44,0.58,7261,96.38,NA,2.37,0.07,0.01,"OA, ZS","339 01","Klatovy","Domažlické předměstí 610","STK KLATOVY s.r.o.","376313938","janecek.tj@quick.cz","Klatovy","Klatovy","Plzeňský kraj"
"104",3407,4251,445,10.47,199,4.68,3607,84.85,NA,2.46,0.28,0.06,"OA, ZS","347 01","Tachov","Oldřichovská 1511","AutoKontrol - STK Tachov s.r.o.","374722753","stk34.07tc@quick.cz","Tachov","Tachov","Plzeňský kraj"
"105",3408,3720,362,9.73,60,1.61,3298,88.66,NA,3.02,0.29,0.02,"OA, TRA, ZS","346 01","Horšovský Týn","Nádražní 70","AUTO V-S spol. s.r.o.","379422728","stkhtyn@seznam.cz","Horšovský Týn","Domažlice","Plzeňský kraj"
"106",3409,13,3,23.08,0,0,10,76.92,NA,0.46,0.31,0,"NA, TRA, ZS, ADR","362 61","Sadov","Lesov ev.č. 8","TÜV NORD Czech, s.r.o.","353590219","stk-sadov@tuev-nord.cz","Karlovy Vary","Karlovy Vary","Karlovarský kraj"
"107",3410,5633,720,12.78,274,4.86,4639,82.35,NA,2.56,0.57,0.08,"OA, TRA, ZS","350 02","Cheb","Vrázova 2626/16","AUTO - O.K. s.r.o.","354439847","cheb@autook.cz","Cheb","Cheb","Karlovarský kraj"
"108",3411,6436,397,6.17,78,1.21,5961,92.62,NA,2.56,0.13,0.02,"OA, ZS","326 00","Plzeň","Nepomucká 119","STK Nepomucká s.r.o.","377248811","info@stknepomucka.cz","Plzeň-město","Plzeň-město","Plzeňský kraj"
"109",3412,3,0,0,0,0,3,100,NA,3,0,0,"NA, TRA, ZS, ADR","339 01","Klatovy","Dr.Sedláka 778","KLATOVSKÁ STK s.r.o.","376322332","klastk3412@investtel.cz","Klatovy","Klatovy","Plzeňský kraj"
"110",3413,33802,3567,10.55,387,1.14,29848,88.3,NA,2.47,0.23,0.01,"OA, NA, TRA, ZS","326 00","Plzeň","Koterovská 156a","PLZEŇSKÁ STK s.r.o.","377241224","suchy@stk-plzen.cz","Plzeň-město","Plzeň-město","Plzeňský kraj"
"111",3414,2420,302,12.48,34,1.4,2084,86.12,NA,2.88,0.42,0.02,"OA, ZS","336 01","Blovice","Fügnerova 404","DEKRA CZ a.s.","371522754","info@stk-blovice.cz","Blovice","Plzeň-jih","Plzeňský kraj"
"112",3415,11149,908,8.14,80,0.72,10161,91.14,NA,2.87,0.26,0.01,"OA, NA, TRA, ZS, ADR","331 51","Kaznějov","Rybnice 155","STK Rybnice s.r.o.","373300539","uteseny@stk-rybnice.cz","Kralovice","Plzeň-sever","Plzeňský kraj"
"113",3416,13,0,0,1,7.69,12,92.31,NA,1.54,0.23,0.15,"NA, TRA","356 01","Sokolov","Chebská 2239","Sokolovská STK s.r.o.","352467444","sokolovskastk@seznam.cz","Sokolov","Sokolov","Karlovarský kraj"
"114",3417,3997,540,13.51,74,1.85,3383,84.64,NA,2.09,0.32,0.02,"OA, NA, TRA, ZS","353 01","Mariánské Lázně","Tepelská 551","AUTORENT SALON s.r.o.","354623084","stkml@iol.cz","Mariánské Lázně","Cheb","Karlovarský kraj"
"115",3418,0,0,0,0,0,0,0,NA,0,0,0,"NA, TRA","338 05","Mýto","Plzeňská  23","LINKA-STK MÝTO s.r.o.","371750598","stk.myto@tiscali.cz","Rokycany","Rokycany","Plzeňský kraj"
"116",3419,7309,416,5.69,72,0.99,6821,93.32,NA,3.91,0.17,0.02,"OA, NA, TRA, ZS","344 01","Domažlice","Chrastavice 111","KRČMA AUTO s.r.o.","379768242","stk@krcmaauto.cz","Domažlice","Domažlice","Plzeňský kraj"
"117",3420,6048,444,7.34,58,0.96,5546,91.7,NA,2.17,0.2,0.02,"OA, ZS","360 04","Karlovy Vary","Hroznětínská 402/4","TÜV NORD Czech, s.r.o.","353449475-6","stk-bohatice@tuev-nord.cz","Karlovy Vary","Karlovy Vary","Karlovarský kraj"
"118",3421,3933,102,2.59,39,0.99,3792,96.41,NA,1.41,0.05,0.01,"OA, TRA, ZS","364 01","Toužim","Plzeňská 575","F+T AUTO-TECHNIK s.r.o.","353311542","stktouzim@volny.cz","Karlovy Vary","Karlovy Vary","Karlovarský kraj"
"119",3422,2957,328,11.09,18,0.61,2611,88.3,NA,3.49,0.27,0.01,"OA, TRA, ZS","330 27","Vejprnice","Sokolská 705","AUTO LEPIČ, s.r.o.","377826767","stk.lepic@tiscali.cz","Nýřany","Plzeň-sever","Plzeňský kraj"
"120",3423,4025,435,10.81,27,0.67,3563,88.52,NA,3.34,0.32,0.01,"OA, ZS","337 01","Rokycany","Pivovarská 146","JIKE s.r.o.","371729715","stkrokycany@seznam.cz","Rokycany","Rokycany","Plzeňský kraj"
"121",3424,2570,304,11.83,35,1.36,2231,86.81,NA,2.05,0.38,0.02,"OA, TRA, ZS","341 01","Horažďovice","Tyršova 356","Eduard Vrána - EDDY ´ SERVISE","602465322","stk@horazdovice.cz","Horažďovice","Klatovy","Plzeňský kraj"
"122",3425,3459,204,5.9,33,0.95,3222,93.15,NA,1.9,0.22,0.01,"OA, TRA, ZS","331 44","Kožlany","Kožlany 349","M-MEK s.r.o.","373396681","m.mourek@quick.cz","Kralovice","Plzeň-sever","Plzeňský kraj"
"123",3427,5232,277,5.29,24,0.46,4931,94.25,NA,1.54,0.11,0.01,"OA, ZS","334 01","Přeštice","Třída 1. máje 700","STK Přeštice s.r.o.","377982326","info@stkprestice.cz","Přeštice","Plzeň-jih","Plzeňský kraj"
"124",3428,4705,99,2.1,49,1.04,4557,96.85,NA,3.53,0.08,0.02,"OA, TRA, ZS","357 35","Chodov","Vintířovská 1119","Chodovská STK s.r.o.","602 449 989, 352 665 111","stkchodov@seznam.cz","Sokolov","Sokolov","Karlovarský kraj"
"125",3429,1911,165,8.63,32,1.67,1714,89.69,NA,3.29,0.41,0.03,"OA, ZS","352 01","Aš","Anglická 2863","AUTO - O.K. s.r.o.","354595268","as@autook.cz","Aš","Cheb","Karlovarský kraj"
"126",3430,4738,73,1.54,14,0.3,4651,98.16,NA,1.5,0.03,0.01,"OA, ZS","339 01","Klatovy","K Letišti 670","RAMALE s.r.o.","376313906","stk@autorb.cz","Klatovy","Klatovy","Plzeňský kraj"
"127",3431,4080,323,7.92,21,0.51,3736,91.57,NA,3.03,0.23,0.01,"OA, NA, TRA, ZS","348 02","Bor","Plzeňská 667","Miroslav Mansfeld","374625727","stk.mansfeld@atlas.cz","Tachov","Tachov","Plzeňský kraj"
"128",3432,3344,167,4.99,14,0.42,3163,94.59,NA,3.36,0.18,0.01,"OA, TRA, ZS","342 01","Sušice","Nádražní ulice 1302","Pavel Dražka","376323953","info@stksusice.cz","Sušice","Klatovy","Plzeňský kraj"
"129",3433,3402,273,8.02,51,1.5,3078,90.48,NA,5.06,0.22,0.02,"OA, NA, TRA, ZS","349 01","Stříbro","Třída 5. května 1579","AUTO LEPIČ s.r.o.","374627999","stk.stribro@seznam.cz","Stříbro","Tachov","Plzeňský kraj"
"130",3434,11614,496,4.27,24,0.21,11094,95.52,NA,2.87,0.09,0,"OA, ZS","362 11","Jenišov","Daimlerova 271","TYLINGER, s.r.o.","353542121","stkjenisov@seznam.cz","Karlovy Vary","Karlovy Vary","Karlovarský kraj"
"131",3501,3714,580,15.62,79,2.13,3055,82.26,NA,2.8,0.57,0.03,"OA, NA, TRA, ZS","407 46","Krásná Lípa","Alšova 1075/7","CSPSD Praha","412383361","stk3501@seznam.cz","Rumburk","Děčín","Ústecký kraj"
"132",3502,5555,220,3.96,58,1.04,5277,95,NA,4.37,0.09,0.01,"OA, ZS","405 02","Děčín","Předmostí 1839/2","STK Děčín  35.02 a.s.","412588133","stk-decin@ford-homolka.cz","Děčín","Děčín","Ústecký kraj"
"133",3503,3708,390,10.52,75,2.02,3243,87.46,NA,2.64,0.31,0.03,"OA, ZS","441 01","Podbořany","Hlubanská 741","STK-Podbořany s.r.o.","415214362","stk.podborany@quick.cz","Podbořany","Louny","Ústecký kraj"
"134",3504,9112,303,3.33,24,0.26,8785,96.41,NA,3.95,0.11,0,"OA, NA, TRA, ZS, ADR","463 11","Liberec","Tanvaldská 1106","TKV Liberec spol. s r.o.","482737888","info@tkv-liberec.cz","Liberec","Liberec","Liberecký kraj"
"135",3505,9438,951,10.08,69,0.73,8418,89.19,NA,2.29,0.3,0.01,"OA, NA, TRA, ZS","412 01","Litoměřice","U terez. křižovatky 176","S.T.K. Litoměřice s.r.o.","416739016","stk-ltm@iol.cz","Litoměřice","Litoměřice","Ústecký kraj"
"136",3506,6607,556,8.42,79,1.2,5972,90.39,NA,1.98,0.23,0.01,"OA, TRA, ZS","434 01","Most","Budovatelů 624","AUTOPLUS II. CONTROL s.r.o.","476100461","stk3506@autoplusmost.cz","Most","Most","Ústecký kraj"
"137",3507,3324,106,3.19,31,0.93,3187,95.88,NA,4.06,0.11,0.02,"OA, TRA, ZS","439 83","Lubenec","Pražská 375","R + B Auto control, spol. s r.o.","415212296","stk.lubenec@seznam.cz","Podbořany","Louny","Ústecký kraj"
"138",3508,5240,542,10.34,108,2.06,4590,87.6,NA,2.05,0.22,0.03,"OA, TRA, ZS","440 01","Louny","Rybalkova 2765","STK  - O.K. CAR spol. s r.o.","415653467","stk.ok.car@iol.cz","Louny","Louny","Ústecký kraj"
"139",3509,5355,329,6.14,95,1.77,4931,92.08,NA,2.74,0.17,0.03,"OA, ZS","431 51","Klášterec nad Ohří","Průmyslová zóna VERNE 12","ALFA - TECHNIC s.r.o.","474331421","alfa.technic.stk-k@iol.cz; stk.chomutov@seznam.cz","Kadaň","Chomutov","Ústecký kraj"
"140",3510,6925,415,5.99,81,1.17,6429,92.84,NA,3.54,0.18,0.02,"OA, ZS","431 11","Chomutov","Otvice obchodní zóna 252","ALFA - TECHNIC  s.r.o.","474653414","alfa.technic.stk@iol.cz","Chomutov","Chomutov","Ústecký kraj"
"141",3511,6746,838,12.42,74,1.1,5834,86.48,NA,2.57,0.38,0.01,"OA, NA, TRA, ZS","417 03","Dubí - Mstišov","K Emance 291","IVESUR Česká republika a.s.","417571435","stk3511@seznam.cz","Teplice","Teplice","Ústecký kraj"
"142",3512,4719,324,6.87,65,1.38,4330,91.76,NA,5.03,0.21,0.03,"OA, NA, TRA, ZS","473 01","Nový Bor","Liberecká 558","KLIMEX s.r.o.","487754637","novy.bor@stkcl.cz","Nový Bor","Česká Lípa","Liberecký kraj"
"143",3513,9411,506,5.38,249,2.65,8656,91.98,NA,2.88,0.16,0.03,"OA, NA, TRA, ZS, ADR","413 01","Roudnice nad Labem","Žižkova 2483","STK Roudnice n. L. s.r.o.","416831853","jransdorf@raz-dva.cz","Roudnice nad Labem","Litoměřice","Ústecký kraj"
"144",3514,3904,390,9.99,50,1.28,3464,88.73,NA,3.49,0.51,0.02,"OA, NA, TRA, ZS","438 01","Žatec","U Oharky 3093","Stanice technické kontroly Žatec,s.r.o","415711258","info@stkzatec.cz","Žatec","Louny","Ústecký kraj"
"145",3516,12718,916,7.2,269,2.12,11533,90.68,NA,3.26,0.16,0.03,"OA, NA, TRA, ZS","400 02","Ústí nad Labem","Hrbovická 2","Terri s.r.o.","475601147","stk.usti@terri.cz","Ústí nad Labem","Ústí nad Labem","Ústecký kraj"
"146",3517,7433,367,4.94,86,1.16,6980,93.91,NA,3.14,0.18,0.02,"OA, ZS","466 05","Jablonec nad Nisou","Želivského 1","eSTéKá spol. s r.o.","483312131","esteka.jbc@volny.cz","Jablonec nad Nisou","Jablonec nad Nisou","Liberecký kraj"
"147",3518,3322,269,8.1,28,0.84,3025,91.06,NA,3.44,0.21,0.01,"OA, NA, TRA, ZS","466 05","Jablonec nad Nisou","Belgická 5061","DEKRA CZ a.s.","480003607","jablonecka.stk@seznam.cz","Jablonec nad Nisou","Jablonec nad Nisou","Liberecký kraj"
"148",3519,3982,320,8.04,76,1.91,3586,90.06,NA,1.35,0.19,0.03,"OA, ZS","460 01","Liberec","Mrštíkova 2","STEKO LB, spol. s r.o.","485104111","stk@stkliberec.cz","Liberec","Liberec","Liberecký kraj"
"149",3520,7224,542,7.5,171,2.37,6511,90.13,NA,4.2,0.27,0.03,"OA, ZS","435 42","Janov","Podkrušnohorská 8","STK Janov s.r.o.","476741649","info@stkjanov.cz","Litvínov","Most","Ústecký kraj"
"150",3521,5188,305,5.88,50,0.96,4833,93.16,NA,2.36,0.19,0.01,"OA, NA, TRA, ZS, ADR","431 01","Spořice","Spořice 480","HELVE s.r.o.","474623548","stksporice@seznam.cz","Chomutov","Chomutov","Ústecký kraj"
"151",3522,5967,197,3.3,23,0.39,5747,96.31,NA,3.88,0.1,0,"OA, ZS","470 06","Česká Lípa","Žitavská  3112","KLIMEX s.r.o.","487874683","ceska.lipa@stkcl.cz","Česká Lípa","Česká Lípa","Liberecký kraj"
"152",3523,13282,569,4.28,55,0.41,12658,95.3,NA,3.38,0.11,0.01,"OA, NA, TRA, ZS","400 00","Ústí nad Labem","Havířská 360/29","B.K. syn CENTRUM s.r.o.","475504414","alexa@areal-uzin.cz","Ústí nad Labem","Ústí nad Labem","Ústecký kraj"
"153",3524,3296,76,2.31,31,0.94,3189,96.75,NA,1.87,0.04,0.01,"OA, ZS","400 01","Ústí nad Labem","Podhoří 361/2","STK Děčín 35.02 a.s.","475316934","stk@auto-homolka.cz","Ústí nad Labem","Ústí nad Labem","Ústecký kraj"
"154",3525,4163,301,7.23,44,1.06,3818,91.71,NA,2.27,0.17,0.02,"OA, TRA, ZS","470 01","Česká Lípa","Mánesova 1477","AUTORENOVA Plus s.r.o.","487868924","info@stkmanesova.cz","Česká Lípa","Česká Lípa","Liberecký kraj"
"155",3526,5937,513,8.64,51,0.86,5373,90.5,NA,3.58,0.32,0.02,"OA, NA, TRA, ZS","464 01","Raspenava","Frýdlantská 772","FOLDA, s.r.o.","482319126","stk.3526@volny.cz","Frýdlant","Liberec","Liberecký kraj"
"156",3527,3147,395,12.55,37,1.18,2715,86.27,NA,2.58,0.31,0.01,"OA, ZS","405 02","Děčín","Oblouková 1416/9","S.T.K. Litoměřice s.r.o.","412589926","dc.stk@volny.cz","Děčín","Děčín","Ústecký kraj"
"157",3528,6048,227,3.75,23,0.38,5798,95.87,NA,2.46,0.07,0.01,"OA, TRA, ZS","470 01","Česká Lípa","Kovářova 3189","BĚLOHRADSKÝ spol. s r.o.","487831081","stk3528@seznam.cz","Česká Lípa","Česká Lípa","Liberecký kraj"
"158",3529,6364,302,4.75,87,1.37,5975,93.89,NA,2.52,0.14,0.02,"OA, ZS","460 01","Liberec XI-Růžodol I","Londýnská 590/85","KLIMEX s.r.o.","485108325","liberec@stkcl.cz","Liberec","Liberec","Liberecký kraj"
"159",3530,7577,644,8.5,64,0.84,6869,90.66,NA,2.25,0.21,0.01,"OA, TRA, ZS","463 43","Český Dub","Sobotice 15","Jan Červa","485147104","info@stk-ceskydub.cz","Liberec","Liberec","Liberecký kraj"
"160",3531,6414,598,9.32,56,0.87,5760,89.8,NA,2.2,0.21,0.01,"OA, TRA, ZS","415 01","Teplice","V Lipách 3275","BĚLOHRADSKÝ spol. s r.o.","417535386","stk3531@seznam.cz","Teplice","Teplice","Ústecký kraj"
"161",3532,4005,458,11.44,66,1.65,3481,86.92,NA,1.89,0.29,0.02,"OA, NA, TRA, ZS","412 01","Litoměřice","U Trati 2213","IVESUR Česká republika a.s.","416535500","stk3532@seznam.cz","Litoměřice","Litoměřice","Ústecký kraj"
"162",3533,1403,194,13.83,15,1.07,1194,85.1,NA,3.53,0.28,0.02,NA,NA,NA,NA,NA,NA,NA,NA,NA,NA
"163",3601,4899,805,16.43,57,1.16,4037,82.4,NA,4.09,0.59,0.02,"OA, NA, TRA, ZS","541 02","Trutnov","Mladobucká 483","CSPSD Praha","499732913","stktrutnov@volny.cz","Trutnov","Trutnov","Královéhradecký kraj"
"164",3603,7576,716,9.45,254,3.35,6606,87.2,NA,3.19,0.3,0.05,"OA, ZS","580 01","Havlíčkův Brod","Lidická 3974","STK HB s.r.o.","569429900","stkhb@stkhb.cz","Havlíčkův Brod","Havlíčkův Brod","Vysočina"
"165",3604,4670,840,17.99,99,2.12,3731,79.89,NA,3.67,0.65,0.03,"OA, ZS","560 02","Česká Třebová","Podbranská 2047","DEKRA CZ a.s.","465531007","stkct@seznam.cz","Česká Třebová","Ústí nad Orlicí","Pardubický kraj"
"166",3605,6068,535,8.82,322,5.31,5211,85.88,NA,3.93,0.4,0.11,"OA, TRA, ZS","537 01","Chrudim","Vlčnov 30","KVATRO CHRUDIM spol. s r.o.","722110011","stkchrudim@seznam.cz","Chrudim","Chrudim","Pardubický kraj"
"167",3606,7170,380,5.3,173,2.41,6617,92.29,NA,3.48,0.15,0.03,"OA, TRA, ZS","506 01","Jičín","Hradecká 1122","AGRO SLATINY a.s.","493555055","stk@jicinet.cz","Jičín","Jičín","Královéhradecký kraj"
"168",3607,3434,494,14.39,37,1.08,2903,84.54,NA,2.54,0.41,0.01,"OA, ZS","516 01","Rychnov nad Kněžnou","Soukenická 242","STK Solnice s.r.o.","494596255","info@stkrk.cz","Rychnov nad Kněžnou","Rychnov nad Kněžnou","Královéhradecký kraj"
"169",3608,2950,237,8.03,65,2.2,2648,89.76,NA,1.93,0.32,0.04,"OA, ZS","549 01","Nové Město nad Metují","Krátká 419","DETECHA-chemické výrobní družstvo","491470314","stk@detecha.cz","Nové Město nad Metují","Náchod","Královéhradecký kraj"
"170",3609,16278,1127,6.92,127,0.78,15024,92.3,NA,2.63,0.15,0.01,"OA, ZS","500 02","Hradec Králové","Na Rybárně 203","OLFIN Car - STK s.r.o.","495537011","stk@olfincar.cz","Hradec Králové","Hradec Králové","Královéhradecký kraj"
"171",3610,5422,299,5.51,31,0.57,5092,93.91,NA,3.03,0.15,0.01,"OA, NA, TRA, ZS, ADR","533 53","Pardubice","Hradišťská 551","Autokontrol Pardubice s.r.o.","466415536","info@autokontrol.cz","Pardubice","Pardubice","Pardubický kraj"
"172",3611,1,1,100,0,0,0,0,NA,2,1,0,"NA, TRA","516 01","Rychnov nad Kněžnou","Ekologická 348","FAMA - STK, s.r.o.","494533867","stkfama@iex.cz","Rychnov nad Kněžnou","Rychnov nad Kněžnou","Královéhradecký kraj"
"173",3612,8111,899,11.08,148,1.82,7064,87.09,NA,3.63,0.42,0.03,"OA, ZS","568 02","Svitavy","Petrusova 2","STK SVITAVY s.r.o.","461534195","stk.svitavy@tiscali.cz","Svitavy","Svitavy","Pardubický kraj"
"174",3613,0,0,0,0,0,0,0,NA,0,0,0,"NA, TRA, ZS, ADR","562 03","Ústí nad Orlicí","Třebovská 348","Střední škola automobilní Ústí nad Orlicí","468002669","bartos@skola-auto.cz","Ústí nad Orlicí","Ústí nad Orlicí","Pardubický kraj"
"175",3614,7127,829,11.63,84,1.18,6214,87.19,NA,4.47,0.36,0.02,"OA, NA, TRA, ZS","552 03","Česká Skalice","Jiřinková 276","FARMET STK spol s r.o.","491 452 624, 491 452 155","i.martinec@farmet.cz","Náchod","Náchod","Královéhradecký kraj"
"176",3615,1,0,0,0,0,1,100,NA,5,0,0,"NA, TRA, ZS","506 01","Jičín","Průmyslová 1256","AGRO SLATINY a.s.","493522434","stk.nakladni.jicin@quick.cz","Jičín","Jičín","Královéhradecký kraj"
"177",3616,3,0,0,0,0,3,100,NA,4,0,0,"NA, TRA, ZS","568 02","Svitavy","V Zahrádkách 1","Autokontrol Pardubice s.r.o.","461532664","stk.svitavy@autokontrol.cz","Svitavy","Svitavy","Pardubický kraj"
"178",3617,8806,624,7.09,119,1.35,8063,91.56,NA,2.69,0.18,0.02,"OA, NA, TRA, ZS","511 01","Turnov","Nudvojovická 1681","STK Turnov, s.r.o.","481325637","stkturnov@tiscali.cz","Turnov","Semily","Liberecký kraj"
"179",3618,9629,910,9.45,73,0.76,8646,89.79,NA,3.52,0.24,0.01,"OA, NA, TRA, ZS","500 03","Hradec Králové","Bratří Štefanů 492","MEDIS HOLDING a.s.","495544875","stk@medis.cz","Hradec Králové","Hradec Králové","Královéhradecký kraj"
"180",3619,9310,636,6.83,167,1.79,8507,91.37,NA,5.38,0.18,0.03,"OA, ZS","533 01","Pardubice","Průmyslová 381","STK ZADINA, spol.s r.o.","466 670 165","stk-zadina@volny.cz","Pardubice","Pardubice","Pardubický kraj"
"181",3620,8618,360,4.18,66,0.77,8192,95.06,NA,2.35,0.14,0.01,"OA, TRA, ZS","537 01","Chrudim","Dašická 248","Z-MOTOR s.r.o.","469 626 117","stk@z-motor.cz","Chrudim","Chrudim","Pardubický kraj"
"182",3621,2892,281,9.72,67,2.32,2544,87.97,NA,2.12,0.33,0.03,"OA, TRA, ZS","512 11","Vysoké nad Jizerou","Dr. Farského 300","Integrovaná střední škola","481 593 907","fsalda@iss-vysokenj.cz","Semily","Semily","Liberecký kraj"
"183",3622,9503,597,6.28,315,3.31,8591,90.4,NA,5.01,0.17,0.04,"OA, NA, TRA, ZS","533 54","Pardubice","Semtín 100","FONTES STK s.r.o.","466 415 861","fontesstk@volny.cz","Pardubice","Pardubice","Pardubický kraj"
"184",3623,6837,418,6.11,134,1.96,6285,91.93,NA,5.52,0.23,0.05,"OA, NA, TRA, ZS","549 12","Vysokov","Českoskalická 1743","AUTOTEST-TKMV, s.r.o.","491421859","novak@autotest-tkmv.cz","Náchod","Náchod","Královéhradecký kraj"
"185",3624,2817,488,17.32,41,1.46,2288,81.22,NA,3.78,0.6,0.02,"OA, TRA, ZS","544 01","Dvůr Králové nad Labem","Nedbalova 573","DEKRA CZ  a.s.","499 622 506, 499 320 540","stkdk@dekra.cz","Dvůr Králové nad Labem","Trutnov","Královéhradecký kraj"
"186",3625,5767,575,9.97,126,2.18,5066,87.84,NA,3.52,0.35,0.04,"OA, ZS","566 01","Vysoké Mýto","Vraclavská 523","AUTOTEST-STK Vysoké Mýto s.r.o.","465 420 738","stk.vysokemyto@email.cz","Vysoké Mýto","Ústí nad Orlicí","Pardubický kraj"
"187",3626,3519,305,8.67,16,0.45,3198,90.88,NA,3.6,0.3,0.01,"OA, NA, TRA, ZS","580 01","Havlíčkův Brod","Baštinov 126","STK NOVÁK HB s.r.o.","569 438 200","mnovak@stknovak.cz","Havlíčkův Brod","Havlíčkův Brod","Vysočina"
"188",3627,4364,450,10.31,27,0.62,3887,89.07,NA,6.24,0.36,0.02,"OA, TRA, ZS","503 03","Smiřice","Seligerova 147","KUTÍK STK, spol. s r.o.","495 421 828","kutik.stk@tiscali.cz","Hradec Králové","Hradec Králové","Královéhradecký kraj"
"189",3628,4288,658,15.35,63,1.47,3567,83.19,NA,3.88,0.57,0.02,"OA, TRA, ZS","561 64","Jablonné nad Orlicí","U Koupaliště 180","STK Jablonné s.r.o.","465 642 945","machacek@dekra.cz","Žamberk","Ústí nad Orlicí","Pardubický kraj"
"190",3629,3221,209,6.49,54,1.68,2958,91.83,NA,3.29,0.17,0.02,"OA","583 01","Chotěboř","U Střelnice 1724","STK Chotěboř, s.r.o.","569621286","technickakontrola3629@seznam.cz","Chotěboř","Havlíčkův Brod","Vysočina"
"191",3630,7345,532,7.24,94,1.28,6719,91.48,NA,2.6,0.19,0.02,"OA, ZS","503 15","Nechanice","Sovětice 19","STK Sovětice CZ, s.r.o.","495446127","stksovetice@centrum.cz","Hradec Králové","Hradec Králové","Královéhradecký kraj"
"192",3631,2290,278,12.14,95,4.15,1917,83.71,NA,4.13,0.46,0.07,"OA, TRA, ZS","516 01","Rychnov nad Kněžnou","Solnice-Ještětice 110","DEKRA CZ a.s.","494 596 441","stk-jestetice@dekra-automobil.cz","Rychnov nad Kněžnou","Rychnov nad Kněžnou","Královéhradecký kraj"
"193",3632,7759,514,6.62,155,2,7090,91.38,NA,5.17,0.22,0.05,"OA, TRA, ZS","539 01","Hlinsko","Poličská 1365","JUTEX s.r.o.","469312003","stk-hlinsko@dekra-automobil.cz","Hlinsko","Chrudim","Pardubický kraj"
"194",3633,6578,1069,16.25,55,0.84,5454,82.91,NA,4.49,0.52,0.01,"OA, TRA, ZS","562 06","Ústí nad Orlicí","Letohradská 100","STK Ústí s.r.o.","465520174","info@stkusti.cz","Ústí nad Orlicí","Ústí nad Orlicí","Pardubický kraj"
"195",3634,3768,481,12.77,25,0.66,3262,86.57,NA,3.83,0.37,0.01,"OA, TRA, ZS","539 73","Skuteč","Vilibalda Svobody 948","Jiří Vincenci","469351210","stkvincenci@seznam.cz","Chrudim","Chrudim","Pardubický kraj"
"196",3635,6021,688,11.43,70,1.16,5263,87.41,NA,2.84,0.36,0.02,"OA, TRA, ZS","543 01","Vrchlabí","Na Bělidle 1652","MJ Vrchlabí spol. s r.o.","499692899","stk.vrchlabi@centrum.cz","Vrchlabí","Trutnov","Královéhradecký kraj"
"197",3636,3048,399,13.09,40,1.31,2609,85.6,NA,3.48,0.35,0.02,"OA, ZS","503 51","Chlumec nad Cidlinou","Pražská 782/IV","PRO AUTO LOUDA s.r.o.","495484594","stk.chlumec@tiscali.cz","Hradec Králové","Hradec Králové","Královéhradecký kraj"
"198",3637,4840,710,14.67,70,1.45,4060,83.88,NA,2.62,0.43,0.02,"OA, TRA, ZS","514 01","Jilemnice","K Javorku 982","Jiří Machek - HYDROMA","481 545 300","stk.jilemnice@centrum.cz","Jilemnice","Semily","Liberecký kraj"
"199",3638,3743,251,6.71,270,7.21,3222,86.08,NA,3.84,0.25,0.08,"OA, TRA, ZS","503 51","Nový Bydžov","Jungmanova 1736","AGRO SLATINY a.s.","495490198","stk.novy.bydzov@quick.cz","Nový Bydžov","Hradec Králové","Královéhradecký kraj"
"200",3639,5463,375,6.86,21,0.38,5067,92.75,NA,3.64,0.24,0.01,"OA, TRA, ZS","503 46","Třebechovice pod Orebem","Pardubická 1338","amcontrol s.r.o.","495591283","amcontrol@centrum.cz","Hradec Králové","Hradec Králové","Královéhradecký kraj"
"201",3640,6658,559,8.4,100,1.5,5999,90.1,NA,4.82,0.28,0.02,"OA, ZS","541 01","Trutnov","Horská 932","STK Trutnov s.r.o.","499309199","stk@stk-trutnov.cz","Trutnov","Trutnov","Královéhradecký kraj"
"202",3641,3569,451,12.64,65,1.82,3053,85.54,NA,2.97,0.4,0.02,"OA, TRA, ZS","549 83","Jetřichov","Meziměstí 3","KUTÍK STK, spol. s r.o.","491582041","kutik.stk.jetrichov@seznam.cz","Broumov","Náchod","Královéhradecký kraj"
"203",3642,5598,477,8.52,71,1.27,5050,90.21,NA,3.47,0.31,0.02,"OA, ZS","566 01","Vysoké Mýto","Vračovice 1","STK a SME Vračovice s.r.o.","465320634","stk.vracovice@vysokemyto.cz","Vysoké Mýto","Ústí nad Orlicí","Pardubický kraj"
"204",3643,4245,371,8.74,56,1.32,3818,89.94,NA,4.2,0.28,0.02,"OA, ZS","533 52","Pardubice","Fáblovka 404","Autocheck s.r.o.","466 265 323","info@stk-autocheck.cz","Pardubice","Pardubice","Pardubický kraj"
"205",3644,2418,159,6.58,4,0.17,2255,93.26,NA,3.56,0.21,0,"OA","568 02","Svitavy","Dimitrovova 2","Ing. Glena Rauerová","461 619  920","info@stk-carnova.cz","Svitavy","Svitavy","Pardubický kraj"
"206",3645,2035,284,13.96,59,2.9,1692,83.14,NA,2,0.49,0.04,"OA, ZS","516 01","Rychnov nad Kněžnou","Pod Budínem 1699","DEKRA CZ a.s.","494 620 226","stk-rychnov@dekra-automobil.cz","Rychnov nad Kněžnou","Rychnov nad Kněžnou","Královéhradecký kraj"
"207",3646,2795,430,15.38,124,4.44,2241,80.18,NA,4.41,0.57,0.06,"OA, ZS","571 01","Moravská Třebová","Svitavská 1610","ABERA spol. s r.o.","461315566","mt@abera.cz","Moravská Třebová","Svitavy","Pardubický kraj"
"208",3647,5222,274,5.25,114,2.18,4834,92.57,NA,3.87,0.16,0.03,"OA, ZS","537 03","Chrudim","Obce Ležáků 758","SALIO s.r.o.","469 318 192","info@stk-salio.cz","Chrudim","Chrudim","Pardubický kraj"
"209",3648,4371,416,9.52,37,0.85,3918,89.64,NA,3.05,0.3,0.01,"OA","509 01","Nová Paka","Kumburský Újezd čp. 90","All Cars Nová Paka s.r.o.","725699599","info@stknp.cz","Nová Paka","Jičín","Královéhradecký kraj"
"210",3649,3142,364,11.58,50,1.59,2728,86.82,NA,4.41,0.35,0.02,"OA","582 91","Světlá nad Sázavou","Zahrádecká 987","Šmíd a spol., v.o.s.","607844508","stksvetla@seznam.cz","Světlá nad Sázavou","Havlíčkův Brod","Vysočina"
"211",3701,3909,506,12.94,21,0.54,3382,86.52,NA,2.72,0.48,0.01,"OA, ZS","674 01","Třebíč","Brněnská 123","KTS-Třebíč s.r.o.","568821571","kts3701@volny.cz","Třebíč","Třebíč","Vysočina"
"212",3702,9278,778,8.39,90,0.97,8410,90.64,NA,4.23,0.26,0.02,"OA, TRA, ZS","796 86","Prostějov","Letecká 2","STKm Prostějov s.r.o.","582343614","dadak@stkmprostejov.cz","Prostějov","Prostějov","Olomoucký kraj"
"213",3703,7717,787,10.2,99,1.28,6831,88.52,NA,2.02,0.36,0.02,"OA, TRA, ZS","687 13","Březolupy","Březolupy 475","Autotest - Tour,  spol.s r.o.","572580118","stk-brezolupy@dekra.cz","Uherské Hradiště","Uherské Hradiště","Zlínský kraj"
"214",3706,5768,341,5.91,11,0.19,5416,93.9,NA,1.81,0.13,0.01,"OA, TRA, ZS","594 01","Velké Meziříčí","Jestřábec 2044","Autoklub Velké Meziříčí s.r.o.","566521170","stk3706@cbox.cz","Velké Meziříčí","Žďár nad Sázavou","Vysočina"
"215",3707,3573,307,8.59,37,1.04,3229,90.37,NA,3.28,0.32,0.02,"OA, TRA, ZS","679 72","Kunštát","Palackého 154","STK OA s.r.o.","516462184","stk.oa@tiscali.cz","Boskovice","Blansko","Jihomoravský kraj"
"216",3709,5126,318,6.2,7,0.14,4801,93.66,NA,2.96,0.17,0,"OA, NA, TRA, ZS","586 01","Jihlava","Znojemská 82","STK Jihlava a.s.","567 309 544","objednavky@stkjihlava.cz","Jihlava","Jihlava","Vysočina"
"217",3710,5861,106,1.81,14,0.24,5741,97.95,NA,2.72,0.04,0,"OA, NA, TRA, ZS","614 00","Brno","Kulkova 30","AZ SERVIS STK, s.r.o.","739095456","stk37.10@tiscali.cz","Brno-město","Brno-město","Jihomoravský kraj"
"218",3711,0,0,0,0,0,0,0,NA,0,0,0,"NA, TRA, ZS, ADR","674 01","Třebíč","Průmyslová čtvrť 154","TRADO-STK, s.r.o.","568 833 379","stk@trado.cz","Třebíč","Třebíč","Vysočina"
"219",3712,6945,557,8.02,44,0.63,6344,91.35,NA,1.5,0.21,0.01,"OA, TRA, ZS","767 01","Kroměříž","Bílanská 2595","CSAO, spol. s r.o.","573 340 824","csao-stk@quick.cz","Kroměříž","Kroměříž","Zlínský kraj"
"220",3713,12868,330,2.56,25,0.19,12513,97.24,NA,1.89,0.07,0,"OA, NA, TRA, ZS","763 02","Zlín-Malenovice","třída 3. května 1147","DEKRA CZ a.s.","577 105 353, 577 106 927","stkzlin@tiscali.cz","Zlín","Zlín","Zlínský kraj"
"221",3714,0,0,0,0,0,0,0,NA,0,0,0,"NA, TRA, ZS","586 01","Jihlava","Brtnická 23","DOPRAVNÍ PODNIK MĚSTA JIHLAVY, a.s.","567 301 325","stkdpmj@volny.cz","Jihlava","Jihlava","Vysočina"
"222",3715,8630,497,5.76,41,0.48,8092,93.77,NA,1.95,0.13,0.01,"OA, ZS","612 00","Brno","Sladkovského 7","STK Královo Pole, s.r.o.","541 212 116, 541 519 420","stk-brno@volny.cz","Brno-město","Brno-město","Jihomoravský kraj"
"223",3716,26,1,3.85,0,0,25,96.15,NA,6,0.35,0,"NA, TRA, ZS, ADR","618 00","Brno","Hájecká 14","ČSAD Brno-Černovice a.s.","548122402","stk3716@best-transport.cz","Brno-město","Brno-město","Jihomoravský kraj"
"224",3717,0,0,0,0,0,0,0,NA,0,0,0,NA,NA,NA,NA,NA,NA,NA,NA,NA,NA
"225",3718,16,2,12.5,1,6.25,13,81.25,NA,1.25,0.88,0.12,"NA, TRA, ZS","679 01","Skalice nad Svitavou","Skalice nad Svitavou 169","AGROAKCIA, s.r.o.","516 469 381, 516 469 311","agroakcia@tiscali.cz","Boskovice","Blansko","Jihomoravský kraj"
"226",3719,0,0,0,0,0,0,0,NA,0,0,0,"NA, TRA, ZS","686 03","Staré Město","Luční čtvrť 1824","HESPO s.r.o.","572 541 573","stk.uh@worldonline.cz","Uherské Hradiště","Uherské Hradiště","Zlínský kraj"
"227",3720,13001,803,6.18,108,0.83,12090,92.99,NA,2.21,0.16,0.01,"OA, NA, TRA, ZS","695 01","Hodonín","Měšťanská 4339/146A","ESTEKO a.s.","518351102","esteko@quick.cz","Hodonín","Hodonín","Jihomoravský kraj"
"228",3721,7987,566,7.09,169,2.12,7252,90.8,NA,1.79,0.22,0.03,"OA, NA, TRA, ZS","693 01","Hustopeče","Hybešova 14","INTERTEC s.r.o.","519402840","hlavka@agrotec.cz","Břeclav","Břeclav","Jihomoravský kraj"
"229",3722,4258,161,3.78,37,0.87,4060,95.35,NA,1.45,0.12,0.01,"OA, NA, TRA, ZS","662 93","Brno","Opavská 26/8","DEKRA CZ a.s.","543 217 079, 542 154 471","stk-brno@dekra.cz","Brno-město","Brno-město","Jihomoravský kraj"
"230",3723,0,0,0,0,0,0,0,NA,0,0,0,"NA, TRA, ZS","796 07","Prostějov","Za Olomouckou ul., ar.DS","STK nákladních vozidel Olomouc, s.r.o.","582365959","stk-prostejov@volny.cz","Prostějov","Prostějov","Olomoucký kraj"
"231",3724,0,0,0,0,0,0,0,NA,0,0,0,"NA, TRA, ZS","591 01","Žďár nad Sázavou","Jihlavská 759/4","František Chroust - STK","566629708","stkzr@seznam.cz","Žďár nad Sázavou","Žďár nad Sázavou","Vysočina"
"232",3725,8100,235,2.9,50,0.62,7815,96.48,NA,2.65,0.09,0.01,"OA, NA, TRA, ZS","684 01","Slavkov u Brna","Čs. armády 217","STK Slavkov spol. s r.o.","544220044","stk.slavkov@seznam.cz","Slavkov u Brna","Vyškov","Jihomoravský kraj"
"233",3726,4859,181,3.73,19,0.39,4659,95.88,NA,2.05,0.08,0,"OA, TRA","664 34","Kuřim","Tišnovská 1968/33","BĚLOHRADSKÝ spol. s r.o.","541210437","stkkurim@seznam.cz","Kuřim","Brno-venkov","Jihomoravský kraj"
"234",3727,8398,319,3.8,91,1.08,7988,95.12,NA,2.43,0.21,0.02,"OA, TRA, ZS","687 61","Vlčnov","Vlčnov 556","STK Vlčnov, s.r.o.","572675180","stk.vlc@tiscali.cz","Uherský Brod","Uherské Hradiště","Zlínský kraj"
"235",3728,6176,530,8.58,67,1.08,5579,90.33,NA,2.48,0.26,0.01,"OA, TRA, ZS","680 01","Boskovice","Dřevařská 2250","Auto STK  spol.s.r.o.","516453191","info@stk-boskovice.cz","Boskovice","Blansko","Jihomoravský kraj"
"236",3729,12,1,8.33,0,0,11,91.67,NA,0.83,0.5,0,"NA, TRA, ZS","767 01","Kroměříž","Hulínská 2383","KM AUTEXIM, spol. s r.o.","573 326 280, 573 326 281","stk@kromexim.cz","Kroměříž","Kroměříž","Zlínský kraj"
"237",3730,4699,582,12.39,31,0.66,4086,86.95,NA,4.24,0.38,0.01,"OA, NA, TRA, ADR, ZS","676 02","Moravské Budějovice","Lažínky 71","Smetana a Smetana s.r.o.","568420332","stk.smetana@atlas.cz","Moravské Budějovice","Třebíč","Vysočina"
"238",3731,7107,185,2.6,17,0.24,6905,97.16,NA,1.36,0.07,0,"OA, TRA, ZS","666 01","Tišnov","Za Mlýnem 5","KORAL s.r.o.","549411700","malaskova@koral.biz","Tišnov","Brno-venkov","Jihomoravský kraj"
"239",3732,7046,267,3.79,35,0.5,6744,95.71,NA,2.16,0.13,0.01,"OA, ZS","766 01","Valašské Klobouky","Brumovská 279","ORSÁK TK s.r.o.","577320330","atos-stk3732@volny.cz","Valašské Klobouky","Zlín","Zlínský kraj"
"240",3733,11505,955,8.3,90,0.78,10460,90.92,NA,2.56,0.2,0.01,"OA, TRA, ZS","592 14","Nové Veselí","Žďárská 311","STK Nové Veselí, s.r.o.","566667075","stk37.33@unet.cz","Žďár nad Sázavou","Žďár nad Sázavou","Vysočina"
"241",3734,7866,229,2.91,36,0.46,7601,96.63,NA,2.65,0.08,0.01,"OA, NA, TRA, ZS","691 44","Lednice","Nejdecká 719","STK AUTO LEDNICE s.r.o.","519340646","sbuzrla@autowozar.cz","Břeclav","Břeclav","Jihomoravský kraj"
"242",3735,5544,40,0.72,78,1.41,5426,97.87,NA,1.35,0.03,0.02,"OA, NA, TRA, ZS","665 01","Rosice","Brněnská 1242","BĚLOHRADSKÝ spol. s r.o.","546410475","stk3735@seznam.cz","Rosice","Brno-venkov","Jihomoravský kraj"
"243",3736,5257,400,7.61,53,1.01,4804,91.38,NA,2.44,0.21,0.01,"OA, TRA, ZS","678 01","Blansko","Poříčí 17","TOP 1 spol. s r.o.","516 410 510-1","stkblansko@iol.cz","Blansko","Blansko","Jihomoravský kraj"
"244",3737,9630,550,5.71,48,0.5,9032,93.79,NA,2.23,0.12,0.01,"OA, TRA, ZS","697 01","Kyjov","Boršovská 2622/91","STK Kyjov s.r.o","518615140","stkkyjov@wo.cz","Kyjov","Hodonín","Jihomoravský kraj"
"245",3738,0,0,0,0,0,0,0,NA,0,0,0,"NA, TRA, ZS","766 01","Valašské Klobouky","Brumovská 456","Střední odborné učiliště Valašské Klobouky","577320186","stk@souvk.cz","Valašské Klobouky","Zlín","Zlínský kraj"
"246",3739,5219,749,14.35,46,0.88,4424,84.77,NA,2.35,0.45,0.01,"OA, ZS","767 01","Kroměříž","Hulínská 3221","Dapas, a.s.","573345055","stk.dapas@seznam.cz","Kroměříž","Kroměříž","Zlínský kraj"
"247",3740,5117,410,8.01,51,1,4656,90.99,NA,1.87,0.2,0.02,"OA, ZS","698 26","Veselí nad Moravou","Masarykova 1663","ESTEKO a.s.","518324460","stkveseli@esteko.cz","Veselí nad Moravou","Hodonín","Jihomoravský kraj"
"248",3741,4906,339,6.91,25,0.51,4542,92.58,NA,4.11,0.25,0.01,"OA, TRA, ZS","675 71","Kralice nad Oslavou","Nad Kralickým kopcem 307","Pavel Dvořák","568620279","stkdvorak@gmail.com","Náměšť nad Oslavou","Třebíč","Vysočina"
"249",3742,3062,198,6.47,21,0.69,2843,92.85,NA,2.24,0.17,0.01,"OA, TRA","798 52","Konice","Vrchlického 349","STATEKON s.r.o.","582396048","statekon@tiscali.cz","Konice","Prostějov","Olomoucký kraj"
"250",3743,6704,954,14.23,56,0.84,5694,84.93,NA,3,0.54,0.01,"OA, TRA, ZS","769 01","Holešov","Palackého 464","TEST-CAR Holešov spol. s.r.o.","573394642","miroslavbelli@tiscali.cz","Holešov","Kroměříž","Zlínský kraj"
"251",3744,8476,363,4.28,73,0.86,8040,94.86,NA,2.72,0.16,0.01,"OA, ZS","686 04","Kunovice","Náměstí Svobody 578","STK Kunovice s.r.o.","572548548","stkkunovice@stkkunovice.cz","Uherské Hradiště","Uherské Hradiště","Zlínský kraj"
"252",3745,6681,358,5.36,35,0.52,6288,94.12,NA,2.6,0.23,0.01,"OA, TRA, ZS","756 61","Rožnov pod Radhoštěm","Tvarůžkova 2491","STK Rožnov, s.r.o.","571613421","stkroznov@stkroznov.cz","Rožnov pod Radhoštěm","Vsetín","Zlínský kraj"
"253",3746,5875,472,8.03,17,0.29,5386,91.68,NA,2.89,0.2,0,"OA, ZS","675 52","Lipník","Dolní Vilémovice 148","STK Dolní Vilémovice, s.r.o.","568862060","info@stkvilemovice.cz","Třebíč","Třebíč","Vysočina"
"254",3747,5072,242,4.77,10,0.2,4820,95.03,NA,2.13,0.12,0,"OA, ZS","691 23","Pohořelice","Brněnská 1019","Ing. Pavel Kurimai","602 736 275, 519 424 710","stk-kurimai@volny.cz","Pohořelice","Brno-venkov","Jihomoravský kraj"
"255",3748,4686,186,3.97,30,0.64,4470,95.39,NA,2.1,0.14,0.01,"OA, NA, TRA, ZS","682 01","Vyškov","Průmyslová 591/1","Stavební konstrukce Vyškov a.s.","517341956","cerny@stk-vyskov.cz","Vyškov","Vyškov","Jihomoravský kraj"
"256",3749,4208,341,8.1,17,0.4,3850,91.49,NA,2.34,0.21,0.01,"OA, ZS","672 01","Moravský Krumlov","Okružní 399","STK Moravský Krumlov s.r.o.","515321305","stk@stk-mk.cz","Moravský Krumlov","Znojmo","Jihomoravský kraj"
"257",3751,0,0,0,0,0,0,0,NA,0,0,0,"TRA","669 02","Dobšice u Znojma","Brněnská 339","Autocentrum Renault, Peugeot, Volkswagen s.r.o.","537020666","STK.3751@seznam.cz","Znojmo","Znojmo","Jihomoravský kraj"
"258",3752,3887,606,15.59,38,0.98,3243,83.43,NA,1.97,0.58,0.02,"OA, ZS","674 01","Třebíč","Na Nivkách 305","STK Automoto TŘEBÍČ s.r.o.","568 821 680","info@stk-trebic.cz","Třebíč","Třebíč","Vysočina"
"259",3753,6227,840,13.49,160,2.57,5227,83.94,NA,2.83,0.5,0.04,"OA, TRA, ZS","588 56","Telč","Radkovská 230","Opravny Telč, a.s.","567213005","stk@opravnytelc.cz","Telč","Jihlava","Vysočina"
"260",3754,16269,546,3.36,22,0.14,15701,96.51,NA,2.49,0.07,0,"OA, ZS","619 00","Brno","Vídeňská 267/106d","STK BRNO s.r.o.","547 212 875, 547 212 884","stkbrno@seznam.cz","Brno-město","Brno-město","Jihomoravský kraj"
"261",3755,8633,687,7.96,106,1.23,7840,90.81,NA,4.44,0.28,0.01,"OA, ZS","588 34","Dlouhá Brtnice","Dlouhá Brtnice 165","AUTOCONTROL, spol. s r.o.","567210627","info@autocontrol.cz","Jihlava","Jihlava","Vysočina"
"262",3756,4423,177,4,22,0.5,4224,95.5,NA,1.73,0.09,0.01,"OA, NA, TRA, ZS","625 00","Brno","Jihlavská 29","BĚLOHRADSKÝ spol. s r.o.","547 211 202","stk3756@seznam.cz","Brno-město","Brno-město","Jihomoravský kraj"
"263",3757,6922,348,5.03,59,0.85,6515,94.12,NA,1.42,0.15,0.01,"OA, NA, TRA, ZS","627 00","Brno","Řípská 11e","STK SLATINA, a.s.","533440180","stk@stkslatina.cz","Brno-město","Brno-město","Jihomoravský kraj"
"264",3758,4731,330,6.98,38,0.8,4363,92.22,NA,1.67,0.14,0.01,"OA, ZS","664 51","Jiříkovice","Rohlenka 250","STK Jiříkovice s.r.o.","544212101","stkjirikovice@powercars.cz","Šlapanice","Brno-venkov","Jihomoravský kraj"
"265",3759,4377,295,6.74,62,1.42,4020,91.84,NA,1.48,0.2,0.02,"OA, ZS","664 17","Tetčice","Palackého 379","DAJAN spol. s r.o.","546213856","stktetcice@seznam.cz","Rosice","Brno-venkov","Jihomoravský kraj"
"266",3760,1057,37,3.5,23,2.18,997,94.32,NA,2.18,0.09,0.02,"OA","664 84","Zbraslav","Zbraslav 448","Stanislav Pelant","546213323","pelantstanislav@seznam.cz","Rosice","Brno-venkov","Jihomoravský kraj"
"267",3761,8106,164,2.02,34,0.42,7908,97.56,NA,1.85,0.04,0.01,"OA, ZS","619 00","Brno","K terminálu 700/1","STK Heršpice s.r.o.","543213549","stkherspice@seznam.cz","Brno-město","Brno-město","Jihomoravský kraj"
"268",3762,4945,252,5.1,11,0.22,4682,94.68,NA,2.29,0.13,0,"OA, ZS","664 42","Modřice","Brněnská 404","STK MODŘICE s.r.o.","547212847","stk@stkmodrice.cz","Šlapanice","Brno-venkov","Jihomoravský kraj"
"269",3763,3288,288,8.76,10,0.3,2990,90.94,NA,4.89,0.32,0.01,"OA, ZS","586 01","Jihlava","Žižkova 5428/120","Lenka Hosová","567212919","stk.jihlava@iex.cz","Jihlava","Jihlava","Vysočina"
"270",3764,2902,339,11.68,98,3.38,2465,84.94,NA,2.54,0.45,0.05,"OA, TRA, ZS","675 21","Okříšky","Jihlavská 595","TZ Auto, s.r.o.","564034836","info@stkokrisky.cz","Třebíč","Třebíč","Vysočina"
"271",3765,4508,228,5.06,4,0.09,4276,94.85,NA,1.57,0.11,0,"OA, NA, TRA, ZS","669 02","Jihlava","Mlýnská 60","BĚLOHRADSKÝ spol. s r.o.","567213645","stk3765@seznam.cz","Jihlava","Jihlava","Vysočina"
"272",3766,15898,1164,7.32,71,0.45,14663,92.23,NA,4.23,0.23,0.01,"OA, NA, TRA, ZS","669 02","Znojmo","Dobšická 2483/6","STK Znojmo, s.r.o.","515230688","stk.znojmo@psota-znojmo.cz","Znojmo","Znojmo","Jihomoravský kraj"
"273",3767,4750,514,10.82,51,1.07,4185,88.11,NA,1.64,0.3,0.02,"OA, ZS","765 02","Otrokovice","Letiště 1894","HESPO s.r.o.","577106006","stk.otrokovice@seznam.cz","Otrokovice","Zlín","Zlínský kraj"
"274",3768,8709,632,7.26,27,0.31,8050,92.43,NA,2.11,0.28,0.01,"OA","763 12","Vizovice","Zlínská ulice 1160","STK CENTRUM VIZOVICE, s.r.o.","577018639","info@stk.vizovice","Vizovice","Zlín","Zlínský kraj"
"275",3769,5163,135,2.61,8,0.15,5020,97.23,NA,2.42,0.06,0,"OA","628 00","Brno - Líšeň","Trnkova 2785","AMEX spol. s r. o.","544213702","stk3769@seznam.cz","Brno-město","Brno-město","Jihomoravský kraj"
"276",3770,8710,313,3.59,23,0.26,8374,96.14,NA,2.64,0.07,0,"OA","618 00","Brno - Černovice","Olomoucká 1283/156c","INSPEKT CAR s.r.o.","603735482","inspektcar@seznam.cz","Brno-město","Brno-město","Jihomoravský kraj"
"277",3771,5485,454,8.28,82,1.49,4949,90.23,NA,1.82,0.22,0.02,"OA","686 05","Uherské Hradiště","Sokolovská 1792","STK Uherské Hradiště s.r.o.","608147151","info@stkuh.cz","Uherské Hradiště","Uherské Hradiště","Zlínský kraj"
"278",3772,5121,193,3.77,7,0.14,4921,96.09,NA,2.33,0.07,0,"OA","614 00","Brno - Černovice","Olomoucká ul. č.p. 1292","STK Olomoucká s.r.o.","773770055","stkolomoucka@seznam.cz","Brno-město","Brno-město","Jihomoravský kraj"
"279",3773,3616,225,6.22,9,0.25,3382,93.53,NA,2.55,0.18,0,"OA","690 02","Břeclav","Lidická 1711/3","STK-SME Břeclav s.r.o.","541210183","stk.breclav@psota-znojmo.cz","Břeclav","Břeclav","Jihomoravský kraj"
"280",3801,3991,394,9.87,241,6.04,3356,84.09,NA,0.98,0.24,0.09,"OA, ZS","790 01","Jeseník","Slunná 98","SLUŽBY BPK s.r.o.","584401332","stk@sluzby-bpk.cz","Jeseník","Jeseník","Olomoucký kraj"
"281",3802,3423,705,20.6,118,3.45,2600,75.96,NA,3.73,0.79,0.05,"OA, ZS","787 01","Šumperk","Zábřežská 658/73","ABA STKáčko s.r.o.","583 213 800, 583 217 477","abastk@spk.cz","Šumperk","Šumperk","Olomoucký kraj"
"282",3803,6033,252,4.18,96,1.59,5685,94.23,NA,1.63,0.12,0.02,"OA, ZS","785 01","Šternberk","Litovelská 14","ŠTERNBERSKÁ STK s.r.o.","585012674","stk.sternberk@volny.cz","Šternberk","Olomouc","Olomoucký kraj"
"283",3804,13113,349,2.66,68,0.52,12696,96.82,NA,2.15,0.1,0.01,"OA, TRA, ZS","779 00","Olomouc","Lazecká 70a","STK AUTOL OLOMOUC, s.r.o.","585222484","autolstk@volny.cz","Olomouc","Olomouc","Olomoucký kraj"
"284",3805,7312,482,6.59,35,0.48,6795,92.93,NA,1.79,0.25,0.01,"OA, ZS","738 02","Frýdek-Místek","Beskydská 2299","AD STK FRÝDEK-MÍSTEK","558 439 355, 558 644 973","adstk.fm@tiscali.cz","Frýdek-Místek","Frýdek-Místek","Moravskoslezský kraj"
"285",3806,0,0,0,0,0,0,0,NA,0,0,0,"NA, TRA, ZS","790 01","Jeseník","U Bělidla 3/926","PEMI CAR TEST, spol. s r.o.","584411104","pemi.car@tiscali.cz","Jeseník","Jeseník","Olomoucký kraj"
"286",3807,6,0,0,0,0,6,100,NA,5,0,0,"NA, TRA, ZS","787 01","Šumperk","Žerotínova 63","TESTCAR s.r.o.","583212821","sumperk@testcar.cz","Šumperk","Šumperk","Olomoucký kraj"
"287",3808,6801,237,3.48,10,0.15,6554,96.37,NA,2.34,0.13,0,"OA, ZS","702 00","Ostrava","Špálova 11","STK SAGITA spol. s r.o.","596136727","stksagitasro@volny.cz","Ostrava","Ostrava-město","Moravskoslezský kraj"
"288",3809,6590,384,5.83,18,0.27,6188,93.9,NA,2.34,0.18,0.01,"OA, TRA, ZS","792 01","Bruntál","Krnovská 16a","STK START CENTRUM BRUNTÁL s.r.o.","723342400","prijem@stkbruntal.cz","Bruntál","Bruntál","Moravskoslezský kraj"
"289",3810,7758,377,4.86,44,0.57,7337,94.57,NA,1.66,0.13,0.01,"OA, NA, TRA, ZS","747 07","Opava","Slavkovská 39","DM BETA s.r.o.","553 625 056, 553 777 406","stk3810@centrum.cz","Opava","Opava","Moravskoslezský kraj"
"290",3811,3,0,0,0,0,3,100,NA,1.33,0,0,"NA, TRA, ZS","735 06","Karviná","Bohumínská 1876","TKLAS Karviná s.r.o.","596382202","tklas@volny.cz","Karviná","Karviná","Moravskoslezský kraj"
"291",3812,7,0,0,0,0,7,100,NA,0.29,0,0,"NA, TRA, ZS, ADR","750 13","Přerov","Lověšice 258/III","TESTCAR s.r.o.","581209536","prerov@testcar.cz","Přerov","Přerov","Olomoucký kraj"
"292",3813,4228,371,8.77,36,0.85,3821,90.37,NA,1.19,0.37,0.01,"OA, ZS","753 61","Hranice","Hranická 505","ELEKTRO-LUMEN, s.r.o.","581 699 426 - 7","stk@el-lumen.cz","Hranice","Přerov","Olomoucký kraj"
"293",3814,13260,511,3.85,18,0.14,12731,96.01,NA,2.8,0.12,0,"OA, NA, TRA, ZS","702 00","Ostrava","U Řeky 660","STK-Tajga, Hrabová, s.r.o.","596 734 052, 596 734 053","stk@stk-tajga.cz","Ostrava","Ostrava-město","Moravskoslezský kraj"
"294",3815,8469,996,11.76,132,1.56,7341,86.68,NA,1.96,0.39,0.03,"OA, TRA, ZS","742 42","Šenov u Nového Jičína","Malostranská 579","STK RITZ s.r.o.","556 701 228, 556 720 116","info@stk-novyjicin.cz","Nový Jičín","Nový Jičín","Moravskoslezský kraj"
"295",3816,2,0,0,0,0,2,100,NA,0,0,0,"NA, TRA, ZS","742 21","Kopřivnice","Dělnická 831","TESTCAR s.r.o.","556802608","koprivnice@testcar.cz","Kopřivnice","Nový Jičín","Moravskoslezský kraj"
"296",3817,3,0,0,0,0,3,100,NA,2,0,0,"NA, TRA","757 01","Valašské Meziříčí","Palackého 220","TESTCAR s.r.o.","571621251","valmez@testcar.cz","Valašské Meziříčí","Vsetín","Zlínský kraj"
"297",3818,15,0,0,0,0,15,100,NA,0.33,0,0,"NA, TRA, ZS","779 00","Olomouc","Hamerská 883/5a","STK nákladních vozidel Olomouc s.r.o.","585311627","stk-olomouc@volny.cz","Olomouc","Olomouc","Olomoucký kraj"
"298",3819,8989,740,8.23,49,0.55,8200,91.22,NA,1.64,0.22,0.01,"OA, ZS","755 01","Vsetín","Bobrky 2270","CAR OK STK s.r.o.","571 411 024","carok.stk@tiscali.cz","Vsetín","Vsetín","Zlínský kraj"
"299",3820,4106,272,6.62,103,2.51,3731,90.87,NA,1.96,0.31,0.04,"OA, ZS","735 35","Horní Suchá","ul. 9. května 66","AUTO KLUB STONAVA v AČR","596422561","stk-3820@volny.cz","Havířov","Karviná","Moravskoslezský kraj"
"300",3821,5633,305,5.41,21,0.37,5307,94.21,NA,1.24,0.16,0.01,"OA, ZS","735 32","Rychvald","Bohumínská 1806","TEAM-MAAT, spol. s r.o.","596572214","stk3821@volny.cz","Bohumín","Karviná","Moravskoslezský kraj"
"301",3822,12,0,0,0,0,12,100,NA,1.42,0,0,"NA, TRA, ZS, ADR","739 25","Sviadnov","Ostravská 264","TESTCAR s.r.o.","558436315","sviadnov@testcar.cz","Frýdek-Místek","Frýdek-Místek","Moravskoslezský kraj"
"302",3823,8,0,0,0,0,8,100,NA,0.62,0,0,"NA, TRA, ZS, ADR","702 00","Ostrava","Vítkovická 3258/9","TESTCAR s.r.o.","596635264","ostrava@testcar.cz","Ostrava","Ostrava-město","Moravskoslezský kraj"
"303",3824,5190,806,15.53,128,2.47,4256,82,NA,2.34,0.67,0.04,"OA, TRA, ZS","739 61","Třinec","Frýdecká 272","STK Třinec s.r.o.","558996141","stk-trinec@seznam.cz","Třinec","Frýdek-Místek","Moravskoslezský kraj"
"304",3825,4554,211,4.63,5,0.11,4338,95.26,NA,1.87,0.15,0,"OA, ZS","748 01","Hlučín","Markvartovická 7","STK-Ostrava s.r.o.","595 042 786","hlucin@stk-ostrava.cz","Hlučín","Opava","Moravskoslezský kraj"
"305",3826,6628,271,4.09,59,0.89,6298,95.02,NA,2.26,0.14,0.02,"OA, ZS","751 24","Přerov","Teličkova 35","KOVET spol. s r.o.","581 211 845, 581 702 314","kovet@volny.cz","Přerov","Přerov","Olomoucký kraj"
"306",3827,9728,415,4.27,79,0.81,9234,94.92,NA,1.65,0.17,0.02,"OA, NA, TRA, ZS","746 00","Opava","Těšínská 2868/37A","OP KONTROL spol. s r.o.","553609254","stk.vavra@tqm.cz","Opava","Opava","Moravskoslezský kraj"
"307",3828,6324,374,5.91,51,0.81,5899,93.28,NA,2.34,0.18,0.01,"OA, TRA, ZS","744 01","Frenštát pod Radhoštěm","Martinská čtvrť 1705","STK FREN s.r.o.","556836941","stkfren@seznam.cz","Frenštát pod Radhoštěm","Nový Jičín","Moravskoslezský kraj"
"308",3829,11158,763,6.84,24,0.22,10371,92.95,NA,2.08,0.19,0,"OA, ZS","722 00","Ostrava","Třebovická 5556/1b","STK - Ostrava s.r.o.","596 966 300","trebovice@stk-ostrava.cz","Ostrava","Ostrava-město","Moravskoslezský kraj"
"309",3830,4318,362,8.38,53,1.23,3903,90.39,NA,0.93,0.24,0.02,"OA, TRA, ZS","794 01","Krnov","Ve Vrbině 4","VESTAP - výstavba domů a bytů s.r.o.","554611413","stkkrnov@seznam.cz","Krnov","Bruntál","Moravskoslezský kraj"
"310",3831,2112,297,14.06,25,1.18,1790,84.75,NA,2.61,0.5,0.02,"OA, NA, TRA, ZS","792 01","Bruntál","Zahradní 1925/44a","JV FOODS, spol. s r.o.","554713008","stk3831@seznam.cz","Bruntál","Bruntál","Moravskoslezský kraj"
"311",3832,3206,345,10.76,54,1.68,2807,87.55,NA,1.11,0.36,0.02,"OA, ZS","734 01","Karviná","Za Splavem 884","TKLAS Karviná, s.r.o.","596318844","tklas@volny.cz","Karviná","Karviná","Moravskoslezský kraj"
"312",3833,5557,232,4.17,21,0.38,5304,95.45,NA,1.46,0.13,0.01,"OA, ZS","735 41","Petřvald","Ostravská 1833","Jaroslav Janči, s.r.o.","596530300","info@stk-petrvald.cz","Orlová","Karviná","Moravskoslezský kraj"
"313",3834,10908,472,4.33,11,0.1,10425,95.57,NA,3,0.12,0,"OA, ZS","720 00","Ostrava","Krmelínská 13","STK - Ostrava s.r.o.","596728500","hrabova@stk-ostrava.cz","Ostrava","Ostrava-město","Moravskoslezský kraj"
"314",3835,4185,301,7.19,100,2.39,3784,90.42,NA,3.26,0.26,0.04,"OA, ZS","789 01","Zábřeh","Na Křtaltě 37","František Nosálek - Franotrans","583411238","frano.trans@iol.cz, stk3835@seznam.cz","Zábřeh","Šumperk","Olomoucký kraj"
"315",3837,6893,392,5.69,13,0.19,6488,94.12,NA,2.86,0.19,0,"OA, ZS","742 91","Velké Albrechtice","Ostravská 309","Ester Kučerová","558272444","info@stk-bilovec.cz","Bílovec","Nový Jičín","Moravskoslezský kraj"
"316",3838,5961,434,7.28,52,0.87,5475,91.85,NA,2.12,0.28,0.01,"OA","739 34","Šenov","Pod Šodkem 1618","Radomír Skopek","596891192","autoskopek2004@volny.cz","Ostrava","Ostrava-město","Moravskoslezský kraj"
"317",3839,5163,340,6.59,29,0.56,4794,92.85,NA,2.58,0.2,0.01,"OA, NA, TRA, ZS","789 13","Zábřeh","Lesnická 2179/2a","Autocentrum Zábřeh s.r.o.","583499499","kasparj@stkzabreh.cz","Zábřeh","Šumperk","Olomoucký kraj"
"318",3840,4125,276,6.69,20,0.48,3829,92.82,NA,2.06,0.17,0.01,"OA, TRA, ZS","747 28","Štěpánkovice","Slezská 643","HARASIM s.r.o.","553675228","mharasim@stepankovice.cz","Kravaře","Opava","Moravskoslezský kraj"
"319",3841,4344,520,11.97,36,0.83,3788,87.2,NA,3.01,0.54,0.02,"OA, TRA, ZS","739 92","Návsí","Návsí 976","S. B. J. Motocentrum spol. s r.o.","558 340 985","stk.navsi@atlas.cz","Jablunkov","Frýdek-Místek","Moravskoslezský kraj"
"320",3842,6875,338,4.92,26,0.38,6511,94.71,NA,1.06,0.13,0.01,"OA, ZS","709 00","Ostrava","Oběžná 2086/13","TEAM MAAT spol. s r.o.","596118487","stk@stkok.cz","Ostrava","Ostrava-město","Moravskoslezský kraj"
"321",3843,7292,425,5.83,25,0.34,6842,93.83,NA,2.68,0.2,0,"OA, ZS","779 00","Olomouc","Slavonínská 5","EURO - PROFICAR s.r.o.","585414608","stk.eurocar@seznam.cz","Olomouc","Olomouc","Olomoucký kraj"
"322",3844,5972,535,8.96,48,0.8,5389,90.24,NA,3.33,0.25,0.01,"OA, ZS","787 01","Šumperk","Jesenická 3071/1D","Expres Commercio s.r.o.","583222200","exprescom.stk@seznam.cz","Šumperk","Šumperk","Olomoucký kraj"
"323",3845,9605,654,6.81,55,0.57,8896,92.62,NA,1.72,0.25,0.01,"OA, ZS","757 01","Poličná","Poličná 508","AMG CENTRUM, s.r.o.","571611122","stkvm@seznam.cz","Valašské Meziříčí","Vsetín","Zlínský kraj"
"324",3846,6883,686,9.97,93,1.35,6104,88.68,NA,2.66,0.34,0.02,"OA, ZS","784 01","Litovel","Příčná 1269/11","J&J Kreuzberg spol. s r.o.","585 341 253, 585 343 096","vladimir.jasek@iex.cz","Litovel","Olomouc","Olomoucký kraj"
"325",3847,6015,313,5.2,41,0.68,5661,94.11,NA,2.17,0.16,0.01,"OA","751 31","Lipník nad Bečvou","Na Zelince 1537","Kovet spol. s.r.o.","581701731","stklipnik@kovet.cz","Lipník nad Bečvou","Přerov","Olomoucký kraj"
"326",3848,6194,465,7.51,40,0.65,5689,91.85,NA,1.86,0.24,0.01,"OA, ZS","742 21","Kopřivnice","Štefánikova 221/20","STK KOPR s.r.o.","556821690","stk5@seznam.cz","Kopřivnice","Nový Jičín","Moravskoslezský kraj"
"327",3849,11072,551,4.98,11,0.1,10510,94.92,NA,1.96,0.17,0,"OA, ZS","738 02","Frýdek-Místek","17. listopadu 2269","MPS KONTROL s.r.o.","558431243","info@stk-frydekmistek.cz","Frýdek-Místek","Frýdek-Místek","Moravskoslezský kraj"
"328",3850,7483,398,5.32,54,0.72,7031,93.96,NA,2.87,0.14,0.01,"OA, ZS","736 01","Havířov","Železničářů 1529/1c","KTS servis s.r.o.","596314448","stk.havirov@seznam.cz","Havířov","Karviná","Moravskoslezský kraj"
"329",3851,20331,734,3.61,81,0.4,19516,95.99,NA,2.45,0.12,0.01,"OA, ZS","783 71","Olomouc","Týnecká 833/39","STK ""Na Přerovské"" s.r.o.","585155472","stk.naprerovske@seznam.cz","Olomouc","Olomouc","Olomoucký kraj"
"330",3852,4748,171,3.6,82,1.73,4495,94.67,NA,4.68,0.11,0.03,"OA, TRA, ZS","792 01","Bruntál","Ruská 10","Zdeněk Mlynarčík","554212024","stkbruntal.ruska10@email.cz","Bruntál","Bruntál","Moravskoslezský kraj"
"331",3853,3670,448,12.21,69,1.88,3153,85.91,NA,1.43,0.36,0.02,"OA, ZS","733 01","Karviná","Ostravská 1946/12","STK EMISE, s.r.o.","734750200","stkemise@post.cz","Karviná","Karviná","Moravskoslezský kraj"
"332",3854,6556,512,7.81,143,2.18,5901,90.01,NA,3.53,0.22,0.03,"OA","737 01","Český Těšín","Frýdlanská 1978","KTS servis s.r.o.","734755200","stkceskytesin@seznam.cz","Karviná","Karviná","Moravskoslezský kraj"
